approved_id,keyword,cluster,intent,funnel,owner_url,phase2_priority,page_keyword_role,approved_priority_score,semrush_volume_estimate,semrush_kd_estimate,metric_market,page_role,next_action,claim_guardrail
1,investment banking operations course,Core Commercial,Transactional,BOFU,/courses/,P0,primary,98,170,21,unverified in Semrush export,single Masterclass enrolment page,Strengthen the one programme answer and enquiry path,"One Financial Operations Masterclass; subjects are modules, not separate courses"
7,investment banking course,Core Commercial,Transactional,BOFU,/courses/,P0,supporting,98,,,no exact Semrush match,single Masterclass enrolment page,Strengthen the one programme answer and enquiry path,"One Financial Operations Masterclass; subjects are modules, not separate courses"
8,investment banking course in India,Core Commercial,Transactional,BOFU,/courses/,P0,supporting,98,,,no exact Semrush match,single Masterclass enrolment page,Strengthen the one programme answer and enquiry path,"One Financial Operations Masterclass; subjects are modules, not separate courses"
9,investment banking course with placement assistance,Core Commercial,Transactional,BOFU,/courses/,P0,supporting,98,,,no exact Semrush match,single Masterclass enrolment page,Strengthen the one programme answer and enquiry path,"One Financial Operations Masterclass; subjects are modules, not separate courses"
10,investment banking operations course with placement assistance,Core Commercial,Transactional,BOFU,/courses/,P0,supporting,98,,,no exact Semrush match,single Masterclass enrolment page,Strengthen the one programme answer and enquiry path,"One Financial Operations Masterclass; subjects are modules, not separate courses"
11,job oriented investment banking course,Core Commercial,Transactional,BOFU,/courses/,P0,supporting,98,,,no exact Semrush match,single Masterclass enrolment page,Strengthen the one programme answer and enquiry path,"One Financial Operations Masterclass; subjects are modules, not separate courses"
12,short term investment banking course,Core Commercial,Transactional,BOFU,/courses/,P0,supporting,98,,,no exact Semrush match,single Masterclass enrolment page,Strengthen the one programme answer and enquiry path,"One Financial Operations Masterclass; subjects are modules, not separate courses"
13,online investment banking operations course,Core Commercial,Transactional,BOFU,/courses/,P0,supporting,98,,,no exact Semrush match,single Masterclass enrolment page,Strengthen the one programme answer and enquiry path,"One Financial Operations Masterclass; subjects are modules, not separate courses"
14,offline investment banking operations course,Core Commercial,Transactional,BOFU,/courses/,P0,supporting,98,,,no exact Semrush match,single Masterclass enrolment page,Strengthen the one programme answer and enquiry path,"One Financial Operations Masterclass; subjects are modules, not separate courses"
15,live investment banking course,Core Commercial,Transactional,BOFU,/courses/,P0,supporting,98,,,no exact Semrush match,single Masterclass enrolment page,Strengthen the one programme answer and enquiry path,"One Financial Operations Masterclass; subjects are modules, not separate courses"
16,investment banking certification course,Core Commercial,Transactional,BOFU,/courses/,P0,supporting,98,,,no exact Semrush match,single Masterclass enrolment page,Strengthen the one programme answer and enquiry path,"One Financial Operations Masterclass; subjects are modules, not separate courses"
18,best investment banking operations course,Core Commercial,Transactional,BOFU,/courses/,P0,supporting,98,,,no exact Semrush match,single Masterclass enrolment page,Strengthen the one programme answer and enquiry path,"One Financial Operations Masterclass; subjects are modules, not separate courses"
19,best investment banking course in India,Core Commercial,Transactional,BOFU,/courses/,P0,supporting,98,,,no exact Semrush match,single Masterclass enrolment page,Strengthen the one programme answer and enquiry path,"One Financial Operations Masterclass; subjects are modules, not separate courses"
20,investment banking course for freshers,Core Commercial,Transactional,BOFU,/courses/,P0,supporting,98,,,no exact Semrush match,single Masterclass enrolment page,Strengthen the one programme answer and enquiry path,"One Financial Operations Masterclass; subjects are modules, not separate courses"
21,investment banking course after graduation,Core Commercial,Transactional,BOFU,/courses/,P0,supporting,98,,,no exact Semrush match,single Masterclass enrolment page,Strengthen the one programme answer and enquiry path,"One Financial Operations Masterclass; subjects are modules, not separate courses"
22,investment banking course after BCom,Core Commercial,Transactional,BOFU,/courses/,P0,supporting,98,,,no exact Semrush match,single Masterclass enrolment page,Strengthen the one programme answer and enquiry path,"One Financial Operations Masterclass; subjects are modules, not separate courses"
23,investment banking course after BBA,Core Commercial,Transactional,BOFU,/courses/,P0,supporting,98,,,no exact Semrush match,single Masterclass enrolment page,Strengthen the one programme answer and enquiry path,"One Financial Operations Masterclass; subjects are modules, not separate courses"
24,investment banking course after MBA,Core Commercial,Transactional,BOFU,/courses/,P0,supporting,98,,,no exact Semrush match,single Masterclass enrolment page,Strengthen the one programme answer and enquiry path,"One Financial Operations Masterclass; subjects are modules, not separate courses"
25,investment banking operations course for graduates,Core Commercial,Transactional,BOFU,/courses/,P0,supporting,98,,,no exact Semrush match,single Masterclass enrolment page,Strengthen the one programme answer and enquiry path,"One Financial Operations Masterclass; subjects are modules, not separate courses"
27,financial operations course,Core Commercial,Transactional,BOFU,/courses/,P0,supporting,98,,,no exact Semrush match,single Masterclass enrolment page,Strengthen the one programme answer and enquiry path,"One Financial Operations Masterclass; subjects are modules, not separate courses"
40,banking and financial operations course,Core Commercial,Transactional,BOFU,/courses/,P0,supporting,98,,,no exact Semrush match,single Masterclass enrolment page,Strengthen the one programme answer and enquiry path,"One Financial Operations Masterclass; subjects are modules, not separate courses"
51,investment banking back office course,Core Commercial,Transactional,BOFU,/courses/,P0,supporting,98,,,no exact Semrush match,single Masterclass enrolment page,Strengthen the one programme answer and enquiry path,"One Financial Operations Masterclass; subjects are modules, not separate courses"
52,investment banking middle office course,Core Commercial,Transactional,BOFU,/courses/,P0,supporting,98,,,no exact Semrush match,single Masterclass enrolment page,Strengthen the one programme answer and enquiry path,"One Financial Operations Masterclass; subjects are modules, not separate courses"
56,practical investment banking course,Core Commercial,Transactional,BOFU,/courses/,P0,supporting,98,,,no exact Semrush match,single Masterclass enrolment page,Strengthen the one programme answer and enquiry path,"One Financial Operations Masterclass; subjects are modules, not separate courses"
2,investment banking operations training,Core Commercial,Transactional,BOFU,/courses/,P0,supporting,92,,,no exact Semrush match,single Masterclass enrolment page,Strengthen the one programme answer and enquiry path,"One Financial Operations Masterclass; subjects are modules, not separate courses"
3,investment banking operations certification,Core Commercial,Transactional,BOFU,/courses/,P0,supporting,92,,,no exact Semrush match,single Masterclass enrolment page,Strengthen the one programme answer and enquiry path,"One Financial Operations Masterclass; subjects are modules, not separate courses"
4,investment banking operations classes,Core Commercial,Transactional,BOFU,/courses/,P0,supporting,92,,,no exact Semrush match,single Masterclass enrolment page,Strengthen the one programme answer and enquiry path,"One Financial Operations Masterclass; subjects are modules, not separate courses"
5,investment banking operations program,Core Commercial,Transactional,BOFU,/courses/,P0,supporting,92,,,no exact Semrush match,single Masterclass enrolment page,Strengthen the one programme answer and enquiry path,"One Financial Operations Masterclass; subjects are modules, not separate courses"
6,investment banking operations institute,Core Commercial,Transactional,BOFU,/courses/,P0,supporting,92,,,no exact Semrush match,single Masterclass enrolment page,Strengthen the one programme answer and enquiry path,"One Financial Operations Masterclass; subjects are modules, not separate courses"
17,certificate in investment banking operations,Core Commercial,Transactional,BOFU,/courses/,P0,supporting,92,,,no exact Semrush match,single Masterclass enrolment page,Strengthen the one programme answer and enquiry path,"One Financial Operations Masterclass; subjects are modules, not separate courses"
26,finance operations course,Core Commercial,Transactional,BOFU,/courses/,P0,supporting,92,,,no exact Semrush match,single Masterclass enrolment page,Strengthen the one programme answer and enquiry path,"One Financial Operations Masterclass; subjects are modules, not separate courses"
28,financial operations training,Core Commercial,Transactional,BOFU,/courses/,P0,supporting,92,,,no exact Semrush match,single Masterclass enrolment page,Strengthen the one programme answer and enquiry path,"One Financial Operations Masterclass; subjects are modules, not separate courses"
29,finance operations certification,Core Commercial,Transactional,BOFU,/courses/,P0,supporting,92,,,no exact Semrush match,single Masterclass enrolment page,Strengthen the one programme answer and enquiry path,"One Financial Operations Masterclass; subjects are modules, not separate courses"
30,financial operations masterclass,Core Commercial,Transactional,BOFU,/courses/,P0,supporting,92,,,no exact Semrush match,single Masterclass enrolment page,Strengthen the one programme answer and enquiry path,"One Financial Operations Masterclass; subjects are modules, not separate courses"
31,financial operations masterclass India,Core Commercial,Transactional,BOFU,/courses/,P0,supporting,92,,,no exact Semrush match,single Masterclass enrolment page,Strengthen the one programme answer and enquiry path,"One Financial Operations Masterclass; subjects are modules, not separate courses"
32,finance career course,Core Commercial,Transactional,BOFU,/courses/,P0,supporting,92,,,no exact Semrush match,single Masterclass enrolment page,Strengthen the one programme answer and enquiry path,"One Financial Operations Masterclass; subjects are modules, not separate courses"
33,finance career training,Core Commercial,Transactional,BOFU,/courses/,P0,supporting,92,,,no exact Semrush match,single Masterclass enrolment page,Strengthen the one programme answer and enquiry path,"One Financial Operations Masterclass; subjects are modules, not separate courses"
34,job ready finance course,Core Commercial,Transactional,BOFU,/courses/,P0,supporting,92,,,no exact Semrush match,single Masterclass enrolment page,Strengthen the one programme answer and enquiry path,"One Financial Operations Masterclass; subjects are modules, not separate courses"
35,finance course with placement assistance,Core Commercial,Transactional,BOFU,/courses/,P0,supporting,92,,,no exact Semrush match,single Masterclass enrolment page,Strengthen the one programme answer and enquiry path,"One Financial Operations Masterclass; subjects are modules, not separate courses"
36,BFSI operations course,Core Commercial,Transactional,BOFU,/courses/,P0,supporting,92,,,no exact Semrush match,single Masterclass enrolment page,Strengthen the one programme answer and enquiry path,"One Financial Operations Masterclass; subjects are modules, not separate courses"
37,banking operations course,Core Commercial,Transactional,BOFU,/courses/,P0,supporting,92,140,21,unverified in Semrush export,single Masterclass enrolment page,Strengthen the one programme answer and enquiry path,"One Financial Operations Masterclass; subjects are modules, not separate courses"
38,global banking operations course,Core Commercial,Transactional,BOFU,/courses/,P0,supporting,92,,,no exact Semrush match,single Masterclass enrolment page,Strengthen the one programme answer and enquiry path,"One Financial Operations Masterclass; subjects are modules, not separate courses"
39,global finance operations course,Core Commercial,Transactional,BOFU,/courses/,P0,supporting,92,,,no exact Semrush match,single Masterclass enrolment page,Strengthen the one programme answer and enquiry path,"One Financial Operations Masterclass; subjects are modules, not separate courses"
41,financial services operations course,Core Commercial,Transactional,BOFU,/courses/,P0,supporting,92,,,no exact Semrush match,single Masterclass enrolment page,Strengthen the one programme answer and enquiry path,"One Financial Operations Masterclass; subjects are modules, not separate courses"
42,investment operations course,Core Commercial,Transactional,BOFU,/courses/,P0,supporting,92,,,no exact Semrush match,single Masterclass enrolment page,Strengthen the one programme answer and enquiry path,"One Financial Operations Masterclass; subjects are modules, not separate courses"
43,investment operations training,Core Commercial,Transactional,BOFU,/courses/,P0,supporting,92,,,no exact Semrush match,single Masterclass enrolment page,Strengthen the one programme answer and enquiry path,"One Financial Operations Masterclass; subjects are modules, not separate courses"
44,capital markets operations course,Core Commercial,Transactional,BOFU,/courses/,P0,supporting,92,,,no exact Semrush match,single Masterclass enrolment page,Strengthen the one programme answer and enquiry path,"One Financial Operations Masterclass; subjects are modules, not separate courses"
45,middle office operations course,Core Commercial,Transactional,BOFU,/courses/,P0,supporting,92,,,no exact Semrush match,single Masterclass enrolment page,Strengthen the one programme answer and enquiry path,"One Financial Operations Masterclass; subjects are modules, not separate courses"
46,back office banking course,Core Commercial,Transactional,BOFU,/courses/,P0,supporting,92,,,no exact Semrush match,single Masterclass enrolment page,Strengthen the one programme answer and enquiry path,"One Financial Operations Masterclass; subjects are modules, not separate courses"
47,trade operations course,Core Commercial,Transactional,BOFU,/courses/,P0,supporting,92,,,no exact Semrush match,single Masterclass enrolment page,Strengthen the one programme answer and enquiry path,"One Financial Operations Masterclass; subjects are modules, not separate courses"
48,securities operations course,Core Commercial,Transactional,BOFU,/courses/,P0,supporting,92,,,no exact Semrush match,single Masterclass enrolment page,Strengthen the one programme answer and enquiry path,"One Financial Operations Masterclass; subjects are modules, not separate courses"
49,post trade operations course,Core Commercial,Transactional,BOFU,/courses/,P0,supporting,92,,,no exact Semrush match,single Masterclass enrolment page,Strengthen the one programme answer and enquiry path,"One Financial Operations Masterclass; subjects are modules, not separate courses"
50,financial markets operations course,Core Commercial,Transactional,BOFU,/courses/,P0,supporting,92,,,no exact Semrush match,single Masterclass enrolment page,Strengthen the one programme answer and enquiry path,"One Financial Operations Masterclass; subjects are modules, not separate courses"
53,finance operations training institute,Core Commercial,Transactional,BOFU,/courses/,P0,supporting,92,,,no exact Semrush match,single Masterclass enrolment page,Strengthen the one programme answer and enquiry path,"One Financial Operations Masterclass; subjects are modules, not separate courses"
54,investment banking training institute India,Core Commercial,Transactional,BOFU,/courses/,P0,supporting,92,,,no exact Semrush match,single Masterclass enrolment page,Strengthen the one programme answer and enquiry path,"One Financial Operations Masterclass; subjects are modules, not separate courses"
55,investment banking operations institute India,Core Commercial,Transactional,BOFU,/courses/,P0,supporting,92,,,no exact Semrush match,single Masterclass enrolment page,Strengthen the one programme answer and enquiry path,"One Financial Operations Masterclass; subjects are modules, not separate courses"
57,hands on investment banking operations training,Core Commercial,Transactional,BOFU,/courses/,P0,supporting,92,,,no exact Semrush match,single Masterclass enrolment page,Strengthen the one programme answer and enquiry path,"One Financial Operations Masterclass; subjects are modules, not separate courses"
58,industry ready finance course,Core Commercial,Transactional,BOFU,/courses/,P0,supporting,92,,,no exact Semrush match,single Masterclass enrolment page,Strengthen the one programme answer and enquiry path,"One Financial Operations Masterclass; subjects are modules, not separate courses"
59,placement assistance finance course,Core Commercial,Transactional,BOFU,/courses/,P0,supporting,92,,,no exact Semrush match,single Masterclass enrolment page,Strengthen the one programme answer and enquiry path,"One Financial Operations Masterclass; subjects are modules, not separate courses"
60,6 week finance course,Core Commercial,Transactional,BOFU,/courses/,P0,supporting,92,,,no exact Semrush match,single Masterclass enrolment page,Strengthen the one programme answer and enquiry path,"One Financial Operations Masterclass; subjects are modules, not separate courses"
61,short duration finance course India,Core Commercial,Transactional,BOFU,/courses/,P0,supporting,92,,,no exact Semrush match,single Masterclass enrolment page,Strengthen the one programme answer and enquiry path,"One Financial Operations Masterclass; subjects are modules, not separate courses"
202,finance operations training,Finance Operations & GCC,Transactional,BOFU,/courses/,P0,supporting,90,,,no exact Semrush match,single Masterclass enrolment page,Strengthen the one programme answer and enquiry path,"One Financial Operations Masterclass; subjects are modules, not separate courses"
445,investment banking course fees,Fees & Comparison,Commercial Investigation,MOFU/BOFU,/courses/,P0,supporting,90,,,no exact Semrush match,single Masterclass enrolment page,Strengthen the one programme answer and enquiry path,"One Financial Operations Masterclass; subjects are modules, not separate courses"
446,investment banking operations course fees,Fees & Comparison,Commercial Investigation,MOFU/BOFU,/courses/,P0,supporting,90,,,no exact Semrush match,single Masterclass enrolment page,Strengthen the one programme answer and enquiry path,"One Financial Operations Masterclass; subjects are modules, not separate courses"
447,investment banking course fees in India,Fees & Comparison,Commercial Investigation,MOFU/BOFU,/courses/,P0,supporting,90,,,no exact Semrush match,single Masterclass enrolment page,Strengthen the one programme answer and enquiry path,"One Financial Operations Masterclass; subjects are modules, not separate courses"
448,investment banking course duration,Fees & Comparison,Commercial Investigation,MOFU/BOFU,/courses/,P0,supporting,90,210,22,unverified in Semrush export,single Masterclass enrolment page,Strengthen the one programme answer and enquiry path,"One Financial Operations Masterclass; subjects are modules, not separate courses"
449,investment banking operations course duration,Fees & Comparison,Commercial Investigation,MOFU/BOFU,/courses/,P0,supporting,90,,,no exact Semrush match,single Masterclass enrolment page,Strengthen the one programme answer and enquiry path,"One Financial Operations Masterclass; subjects are modules, not separate courses"
450,investment banking course eligibility,Fees & Comparison,Commercial Investigation,MOFU/BOFU,/courses/,P0,supporting,90,,,no exact Semrush match,single Masterclass enrolment page,Strengthen the one programme answer and enquiry path,"One Financial Operations Masterclass; subjects are modules, not separate courses"
451,investment banking operations eligibility,Fees & Comparison,Commercial Investigation,MOFU/BOFU,/courses/,P0,supporting,90,,,no exact Semrush match,single Masterclass enrolment page,Strengthen the one programme answer and enquiry path,"One Financial Operations Masterclass; subjects are modules, not separate courses"
452,investment banking course syllabus,Fees & Comparison,Commercial Investigation,MOFU/BOFU,/courses/,P0,supporting,90,210,21,unverified in Semrush export,single Masterclass enrolment page,Strengthen the one programme answer and enquiry path,"One Financial Operations Masterclass; subjects are modules, not separate courses"
453,investment banking course online vs offline,Fees & Comparison,Commercial Investigation,MOFU/BOFU,/courses/,P0,supporting,90,,,no exact Semrush match,single Masterclass enrolment page,Strengthen the one programme answer and enquiry path,"One Financial Operations Masterclass; subjects are modules, not separate courses"
456,investment banking course under 50000,Fees & Comparison,Commercial Investigation,MOFU/BOFU,/courses/,P0,supporting,90,,,no exact Semrush match,single Masterclass enrolment page,Strengthen the one programme answer and enquiry path,"One Financial Operations Masterclass; subjects are modules, not separate courses"
457,investment banking course under 1 lakh,Fees & Comparison,Commercial Investigation,MOFU/BOFU,/courses/,P0,supporting,90,,,no exact Semrush match,single Masterclass enrolment page,Strengthen the one programme answer and enquiry path,"One Financial Operations Masterclass; subjects are modules, not separate courses"
458,affordable investment banking course India,Fees & Comparison,Commercial Investigation,MOFU/BOFU,/courses/,P0,supporting,90,,,no exact Semrush match,single Masterclass enrolment page,Strengthen the one programme answer and enquiry path,"One Financial Operations Masterclass; subjects are modules, not separate courses"
471,KYC AML course fees,Fees & Comparison,Commercial Investigation,MOFU/BOFU,/courses/,P0,supporting,90,,,no exact Semrush match,single Masterclass enrolment page,Strengthen the one programme answer and enquiry path,"One Financial Operations Masterclass; subjects are modules, not separate courses"
472,KYC AML course duration,Fees & Comparison,Commercial Investigation,MOFU/BOFU,/courses/,P0,supporting,90,,,no exact Semrush match,single Masterclass enrolment page,Strengthen the one programme answer and enquiry path,"One Financial Operations Masterclass; subjects are modules, not separate courses"
473,finance operations course fees,Fees & Comparison,Commercial Investigation,MOFU/BOFU,/courses/,P0,supporting,90,,,no exact Semrush match,single Masterclass enrolment page,Strengthen the one programme answer and enquiry path,"One Financial Operations Masterclass; subjects are modules, not separate courses"
474,finance operations course duration,Fees & Comparison,Commercial Investigation,MOFU/BOFU,/courses/,P0,supporting,90,,,no exact Semrush match,single Masterclass enrolment page,Strengthen the one programme answer and enquiry path,"One Financial Operations Masterclass; subjects are modules, not separate courses"
475,financial operations masterclass fees,Fees & Comparison,Commercial Investigation,MOFU/BOFU,/courses/,P0,supporting,90,,,no exact Semrush match,single Masterclass enrolment page,Strengthen the one programme answer and enquiry path,"One Financial Operations Masterclass; subjects are modules, not separate courses"
476,financial operations masterclass duration,Fees & Comparison,Commercial Investigation,MOFU/BOFU,/courses/,P0,supporting,90,,,no exact Semrush match,single Masterclass enrolment page,Strengthen the one programme answer and enquiry path,"One Financial Operations Masterclass; subjects are modules, not separate courses"
477,online finance course with live classes,Fees & Comparison,Commercial Investigation,MOFU/BOFU,/courses/,P0,supporting,90,,,no exact Semrush match,single Masterclass enrolment page,Strengthen the one programme answer and enquiry path,"One Financial Operations Masterclass; subjects are modules, not separate courses"
478,offline finance classes with placement assistance,Fees & Comparison,Commercial Investigation,MOFU/BOFU,/courses/,P0,supporting,90,,,no exact Semrush match,single Masterclass enrolment page,Strengthen the one programme answer and enquiry path,"One Financial Operations Masterclass; subjects are modules, not separate courses"
479,weekend finance course India,Fees & Comparison,Commercial Investigation,MOFU/BOFU,/courses/,P0,supporting,90,,,no exact Semrush match,single Masterclass enrolment page,Strengthen the one programme answer and enquiry path,"One Financial Operations Masterclass; subjects are modules, not separate courses"
480,weekday finance classes India,Fees & Comparison,Commercial Investigation,MOFU/BOFU,/courses/,P0,supporting,90,,,no exact Semrush match,single Masterclass enrolment page,Strengthen the one programme answer and enquiry path,"One Financial Operations Masterclass; subjects are modules, not separate courses"
481,live online finance training India,Fees & Comparison,Commercial Investigation,MOFU/BOFU,/courses/,P0,supporting,90,,,no exact Semrush match,single Masterclass enrolment page,Strengthen the one programme answer and enquiry path,"One Financial Operations Masterclass; subjects are modules, not separate courses"
62,what is investment banking operations,IB Operations Knowledge,Informational,TOFU/MOFU,/career-guides/investment-banking-operations/,P0,primary,84,,,no exact Semrush match,investment banking operations role explainer,"Explain the role, tasks and route into operations",Distinguish operations roles from front-office investment banking
63,investment banking operations meaning,IB Operations Knowledge,Informational,TOFU/MOFU,/career-guides/investment-banking-operations/,P0,supporting,84,,,no exact Semrush match,investment banking operations role explainer,"Explain the role, tasks and route into operations",Distinguish operations roles from front-office investment banking
64,investment banking operations explained,IB Operations Knowledge,Informational,TOFU/MOFU,/career-guides/investment-banking-operations/,P0,supporting,84,,,no exact Semrush match,investment banking operations role explainer,"Explain the role, tasks and route into operations",Distinguish operations roles from front-office investment banking
65,investment banking operations process,IB Operations Knowledge,Informational,TOFU/MOFU,/career-guides/investment-banking-operations/,P0,supporting,84,,,no exact Semrush match,investment banking operations role explainer,"Explain the role, tasks and route into operations",Distinguish operations roles from front-office investment banking
66,investment banking operations functions,IB Operations Knowledge,Informational,TOFU/MOFU,/career-guides/investment-banking-operations/,P0,supporting,84,,,no exact Semrush match,investment banking operations role explainer,"Explain the role, tasks and route into operations",Distinguish operations roles from front-office investment banking
67,investment banking operations department,IB Operations Knowledge,Informational,TOFU/MOFU,/career-guides/investment-banking-operations/,P0,supporting,84,,,no exact Semrush match,investment banking operations role explainer,"Explain the role, tasks and route into operations",Distinguish operations roles from front-office investment banking
68,investment banking operations workflow,IB Operations Knowledge,Informational,TOFU/MOFU,/career-guides/investment-banking-operations/,P0,supporting,84,,,no exact Semrush match,investment banking operations role explainer,"Explain the role, tasks and route into operations",Distinguish operations roles from front-office investment banking
69,investment banking operations lifecycle,IB Operations Knowledge,Informational,TOFU/MOFU,/career-guides/investment-banking-operations/,P0,supporting,84,,,no exact Semrush match,investment banking operations role explainer,"Explain the role, tasks and route into operations",Distinguish operations roles from front-office investment banking
70,investment banking operations examples,IB Operations Knowledge,Informational,TOFU/MOFU,/career-guides/investment-banking-operations/,P0,supporting,84,,,no exact Semrush match,investment banking operations role explainer,"Explain the role, tasks and route into operations",Distinguish operations roles from front-office investment banking
71,investment banking operations responsibilities,IB Operations Knowledge,Informational,TOFU/MOFU,/career-guides/investment-banking-operations/,P0,supporting,84,,,no exact Semrush match,investment banking operations role explainer,"Explain the role, tasks and route into operations",Distinguish operations roles from front-office investment banking
72,investment banking operations roles,IB Operations Knowledge,Informational,TOFU/MOFU,/career-guides/investment-banking-operations/,P0,supporting,84,,,no exact Semrush match,investment banking operations role explainer,"Explain the role, tasks and route into operations",Distinguish operations roles from front-office investment banking
73,investment banking operations job role,IB Operations Knowledge,Informational,TOFU/MOFU,/career-guides/investment-banking-operations/,P0,supporting,84,,,no exact Semrush match,investment banking operations role explainer,"Explain the role, tasks and route into operations",Distinguish operations roles from front-office investment banking
74,investment banking operations skills,IB Operations Knowledge,Informational,TOFU/MOFU,/career-guides/investment-banking-operations/,P0,supporting,84,,,no exact Semrush match,investment banking operations role explainer,"Explain the role, tasks and route into operations",Distinguish operations roles from front-office investment banking
75,investment banking operations syllabus,IB Operations Knowledge,Informational,TOFU/MOFU,/career-guides/investment-banking-operations/,P0,supporting,84,,,no exact Semrush match,investment banking operations role explainer,"Explain the role, tasks and route into operations",Distinguish operations roles from front-office investment banking
76,investment banking operations modules,IB Operations Knowledge,Informational,TOFU/MOFU,/career-guides/investment-banking-operations/,P0,supporting,84,,,no exact Semrush match,investment banking operations role explainer,"Explain the role, tasks and route into operations",Distinguish operations roles from front-office investment banking
77,investment banking operations interview questions,IB Operations Knowledge,Informational,TOFU/MOFU,/career-guides/investment-banking-operations/,P0,supporting,84,,,no exact Semrush match,investment banking operations role explainer,"Explain the role, tasks and route into operations",Distinguish operations roles from front-office investment banking
78,investment banking operations for beginners,IB Operations Knowledge,Informational,TOFU/MOFU,/career-guides/investment-banking-operations/,P0,supporting,84,,,no exact Semrush match,investment banking operations role explainer,"Explain the role, tasks and route into operations",Distinguish operations roles from front-office investment banking
79,how investment banking operations work,IB Operations Knowledge,Informational,TOFU/MOFU,/career-guides/investment-banking-operations/,P0,supporting,84,,,no exact Semrush match,investment banking operations role explainer,"Explain the role, tasks and route into operations",Distinguish operations roles from front-office investment banking
80,front office middle office back office investment banking,IB Operations Knowledge,Informational,TOFU/MOFU,/career-guides/investment-banking-operations/,P0,supporting,84,,,no exact Semrush match,investment banking operations role explainer,"Explain the role, tasks and route into operations",Distinguish operations roles from front-office investment banking
81,middle office vs back office investment banking,IB Operations Knowledge,Informational,TOFU/MOFU,/career-guides/investment-banking-operations/,P0,supporting,84,,,no exact Semrush match,investment banking operations role explainer,"Explain the role, tasks and route into operations",Distinguish operations roles from front-office investment banking
82,investment banking operations vs investment banking,IB Operations Knowledge,Informational,TOFU/MOFU,/career-guides/investment-banking-operations/,P0,supporting,84,,,no exact Semrush match,investment banking operations role explainer,"Explain the role, tasks and route into operations",Distinguish operations roles from front-office investment banking
83,investment banking operations vs financial analyst,IB Operations Knowledge,Informational,TOFU/MOFU,/career-guides/investment-banking-operations/,P0,supporting,84,,,no exact Semrush match,investment banking operations role explainer,"Explain the role, tasks and route into operations",Distinguish operations roles from front-office investment banking
84,investment banking operations vs investment banker,IB Operations Knowledge,Informational,TOFU/MOFU,/career-guides/investment-banking-operations/,P0,supporting,84,,,no exact Semrush match,investment banking operations role explainer,"Explain the role, tasks and route into operations",Distinguish operations roles from front-office investment banking
85,investment banking operations career path,IB Operations Knowledge,Informational,TOFU/MOFU,/career-guides/investment-banking-operations/,P0,supporting,84,,,no exact Semrush match,investment banking operations role explainer,"Explain the role, tasks and route into operations",Distinguish operations roles from front-office investment banking
86,scope of investment banking operations in India,IB Operations Knowledge,Informational,TOFU/MOFU,/career-guides/investment-banking-operations/,P0,supporting,84,,,no exact Semrush match,investment banking operations role explainer,"Explain the role, tasks and route into operations",Distinguish operations roles from front-office investment banking
87,future of investment banking operations in India,IB Operations Knowledge,Informational,TOFU/MOFU,/career-guides/investment-banking-operations/,P0,supporting,84,,,no exact Semrush match,investment banking operations role explainer,"Explain the role, tasks and route into operations",Distinguish operations roles from front-office investment banking
88,investment banking operations jobs in India,IB Operations Knowledge,Informational,TOFU/MOFU,/career-guides/investment-banking-operations/,P0,supporting,84,,,no exact Semrush match,investment banking operations role explainer,"Explain the role, tasks and route into operations",Distinguish operations roles from front-office investment banking
89,investment banking operations salary in India,IB Operations Knowledge,Informational,TOFU/MOFU,/career-guides/investment-banking-operations/,P0,supporting,84,,,no exact Semrush match,investment banking operations role explainer,"Explain the role, tasks and route into operations",Distinguish operations roles from front-office investment banking
90,investment banking operations analyst salary,IB Operations Knowledge,Informational,TOFU/MOFU,/career-guides/investment-banking-operations/,P0,supporting,84,,,no exact Semrush match,investment banking operations role explainer,"Explain the role, tasks and route into operations",Distinguish operations roles from front-office investment banking
91,investment banking operations analyst skills,IB Operations Knowledge,Informational,TOFU/MOFU,/career-guides/investment-banking-operations/,P0,supporting,84,,,no exact Semrush match,investment banking operations role explainer,"Explain the role, tasks and route into operations",Distinguish operations roles from front-office investment banking
92,investment banking operations analyst responsibilities,IB Operations Knowledge,Informational,TOFU/MOFU,/career-guides/investment-banking-operations/,P0,supporting,84,,,no exact Semrush match,investment banking operations role explainer,"Explain the role, tasks and route into operations",Distinguish operations roles from front-office investment banking
93,how to become investment banking operations analyst,IB Operations Knowledge,Informational,TOFU/MOFU,/career-guides/investment-banking-operations/,P0,supporting,84,,,no exact Semrush match,investment banking operations role explainer,"Explain the role, tasks and route into operations",Distinguish operations roles from front-office investment banking
94,investment banking operations fresher jobs,IB Operations Knowledge,Informational,TOFU/MOFU,/career-guides/investment-banking-operations/,P0,supporting,84,,,no exact Semrush match,investment banking operations role explainer,"Explain the role, tasks and route into operations",Distinguish operations roles from front-office investment banking
95,investment banking operations jobs for BCom graduates,IB Operations Knowledge,Informational,TOFU/MOFU,/career-guides/investment-banking-operations/,P0,supporting,84,,,no exact Semrush match,investment banking operations role explainer,"Explain the role, tasks and route into operations",Distinguish operations roles from front-office investment banking
96,investment banking operations jobs for BBA graduates,IB Operations Knowledge,Informational,TOFU/MOFU,/career-guides/investment-banking-operations/,P0,supporting,84,,,no exact Semrush match,investment banking operations role explainer,"Explain the role, tasks and route into operations",Distinguish operations roles from front-office investment banking
97,investment banking operations jobs for MBA finance,IB Operations Knowledge,Informational,TOFU/MOFU,/career-guides/investment-banking-operations/,P0,supporting,84,,,no exact Semrush match,investment banking operations role explainer,"Explain the role, tasks and route into operations",Distinguish operations roles from front-office investment banking
98,investment banking operations certification worth it,IB Operations Knowledge,Informational,TOFU/MOFU,/career-guides/investment-banking-operations/,P0,supporting,84,,,no exact Semrush match,investment banking operations role explainer,"Explain the role, tasks and route into operations",Distinguish operations roles from front-office investment banking
99,is investment banking operations a good career,IB Operations Knowledge,Informational,TOFU/MOFU,/career-guides/investment-banking-operations/,P0,supporting,84,,,no exact Semrush match,investment banking operations role explainer,"Explain the role, tasks and route into operations",Distinguish operations roles from front-office investment banking
100,investment banking operations career for freshers,IB Operations Knowledge,Informational,TOFU/MOFU,/career-guides/investment-banking-operations/,P0,supporting,84,,,no exact Semrush match,investment banking operations role explainer,"Explain the role, tasks and route into operations",Distinguish operations roles from front-office investment banking
101,investment banking operations career after BCom,IB Operations Knowledge,Informational,TOFU/MOFU,/career-guides/investment-banking-operations/,P0,supporting,84,,,no exact Semrush match,investment banking operations role explainer,"Explain the role, tasks and route into operations",Distinguish operations roles from front-office investment banking
308,best finance course after BCom,Graduate Intent,Informational/Commercial,MOFU,/career-guides/finance-careers-after-graduation/,P0,primary,84,,,no exact Semrush match,graduate career decision guide,"Answer finance careers and jobs after BCom, then link to the programme",Do not promise an outcome without published terms
309,investment banking operations after BCom,Graduate Intent,Informational/Commercial,MOFU,/career-guides/finance-careers-after-graduation/,P0,supporting,84,,,no exact Semrush match,graduate career decision guide,"Answer finance careers and jobs after BCom, then link to the programme",Do not promise an outcome without published terms
310,finance jobs after BCom,Graduate Intent,Informational/Commercial,MOFU,/career-guides/finance-careers-after-graduation/,P0,supporting,84,,,no exact Semrush match,graduate career decision guide,"Answer finance careers and jobs after BCom, then link to the programme",Do not promise an outcome without published terms
311,banking jobs after BCom,Graduate Intent,Informational/Commercial,MOFU,/career-guides/finance-careers-after-graduation/,P0,supporting,84,,,no exact Semrush match,graduate career decision guide,"Answer finance careers and jobs after BCom, then link to the programme",Do not promise an outcome without published terms
312,finance operations career after BCom,Graduate Intent,Informational/Commercial,MOFU,/career-guides/finance-careers-after-graduation/,P0,supporting,84,,,no exact Semrush match,graduate career decision guide,"Answer finance careers and jobs after BCom, then link to the programme",Do not promise an outcome without published terms
313,KYC AML career after BCom,Graduate Intent,Informational/Commercial,MOFU,/career-guides/finance-careers-after-graduation/,P0,supporting,84,,,no exact Semrush match,graduate career decision guide,"Answer finance careers and jobs after BCom, then link to the programme",Do not promise an outcome without published terms
314,short term finance course after BCom,Graduate Intent,Informational/Commercial,MOFU,/career-guides/finance-careers-after-graduation/,P0,supporting,84,,,no exact Semrush match,graduate career decision guide,"Answer finance careers and jobs after BCom, then link to the programme",Do not promise an outcome without published terms
315,best finance course after BBA,Graduate Intent,Informational/Commercial,MOFU,/career-guides/finance-careers-after-graduation/,P0,supporting,84,,,no exact Semrush match,graduate career decision guide,"Answer finance careers and jobs after BCom, then link to the programme",Do not promise an outcome without published terms
316,investment banking operations after BBA,Graduate Intent,Informational/Commercial,MOFU,/career-guides/finance-careers-after-graduation/,P0,supporting,84,,,no exact Semrush match,graduate career decision guide,"Answer finance careers and jobs after BCom, then link to the programme",Do not promise an outcome without published terms
317,finance jobs after BBA,Graduate Intent,Informational/Commercial,MOFU,/career-guides/finance-careers-after-graduation/,P0,supporting,84,,,no exact Semrush match,graduate career decision guide,"Answer finance careers and jobs after BCom, then link to the programme",Do not promise an outcome without published terms
318,banking jobs after BBA,Graduate Intent,Informational/Commercial,MOFU,/career-guides/finance-careers-after-graduation/,P0,supporting,84,,,no exact Semrush match,graduate career decision guide,"Answer finance careers and jobs after BCom, then link to the programme",Do not promise an outcome without published terms
319,finance operations career after BBA,Graduate Intent,Informational/Commercial,MOFU,/career-guides/finance-careers-after-graduation/,P0,supporting,84,,,no exact Semrush match,graduate career decision guide,"Answer finance careers and jobs after BCom, then link to the programme",Do not promise an outcome without published terms
320,KYC AML career after BBA,Graduate Intent,Informational/Commercial,MOFU,/career-guides/finance-careers-after-graduation/,P0,supporting,84,,,no exact Semrush match,graduate career decision guide,"Answer finance careers and jobs after BCom, then link to the programme",Do not promise an outcome without published terms
321,short term finance course after BBA,Graduate Intent,Informational/Commercial,MOFU,/career-guides/finance-careers-after-graduation/,P0,supporting,84,,,no exact Semrush match,graduate career decision guide,"Answer finance careers and jobs after BCom, then link to the programme",Do not promise an outcome without published terms
322,best finance course after MCom,Graduate Intent,Informational/Commercial,MOFU,/career-guides/finance-careers-after-graduation/,P0,supporting,84,,,no exact Semrush match,graduate career decision guide,"Answer finance careers and jobs after BCom, then link to the programme",Do not promise an outcome without published terms
323,investment banking course after MCom,Graduate Intent,Informational/Commercial,MOFU,/career-guides/finance-careers-after-graduation/,P0,supporting,84,,,no exact Semrush match,graduate career decision guide,"Answer finance careers and jobs after BCom, then link to the programme",Do not promise an outcome without published terms
324,investment banking operations after MCom,Graduate Intent,Informational/Commercial,MOFU,/career-guides/finance-careers-after-graduation/,P0,supporting,84,,,no exact Semrush match,graduate career decision guide,"Answer finance careers and jobs after BCom, then link to the programme",Do not promise an outcome without published terms
325,finance jobs after MCom,Graduate Intent,Informational/Commercial,MOFU,/career-guides/finance-careers-after-graduation/,P0,supporting,84,,,no exact Semrush match,graduate career decision guide,"Answer finance careers and jobs after BCom, then link to the programme",Do not promise an outcome without published terms
326,banking jobs after MCom,Graduate Intent,Informational/Commercial,MOFU,/career-guides/finance-careers-after-graduation/,P0,supporting,84,,,no exact Semrush match,graduate career decision guide,"Answer finance careers and jobs after BCom, then link to the programme",Do not promise an outcome without published terms
327,finance operations career after MCom,Graduate Intent,Informational/Commercial,MOFU,/career-guides/finance-careers-after-graduation/,P0,supporting,84,,,no exact Semrush match,graduate career decision guide,"Answer finance careers and jobs after BCom, then link to the programme",Do not promise an outcome without published terms
328,KYC AML career after MCom,Graduate Intent,Informational/Commercial,MOFU,/career-guides/finance-careers-after-graduation/,P0,supporting,84,,,no exact Semrush match,graduate career decision guide,"Answer finance careers and jobs after BCom, then link to the programme",Do not promise an outcome without published terms
329,short term finance course after MCom,Graduate Intent,Informational/Commercial,MOFU,/career-guides/finance-careers-after-graduation/,P0,supporting,84,,,no exact Semrush match,graduate career decision guide,"Answer finance careers and jobs after BCom, then link to the programme",Do not promise an outcome without published terms
330,best finance course after MBA finance,Graduate Intent,Informational/Commercial,MOFU,/career-guides/finance-careers-after-graduation/,P0,supporting,84,,,no exact Semrush match,graduate career decision guide,"Answer finance careers and jobs after BCom, then link to the programme",Do not promise an outcome without published terms
331,investment banking course after MBA finance,Graduate Intent,Informational/Commercial,MOFU,/career-guides/finance-careers-after-graduation/,P0,supporting,84,,,no exact Semrush match,graduate career decision guide,"Answer finance careers and jobs after BCom, then link to the programme",Do not promise an outcome without published terms
332,investment banking operations after MBA finance,Graduate Intent,Informational/Commercial,MOFU,/career-guides/finance-careers-after-graduation/,P0,supporting,84,,,no exact Semrush match,graduate career decision guide,"Answer finance careers and jobs after BCom, then link to the programme",Do not promise an outcome without published terms
333,finance jobs after MBA finance,Graduate Intent,Informational/Commercial,MOFU,/career-guides/finance-careers-after-graduation/,P0,supporting,84,,,no exact Semrush match,graduate career decision guide,"Answer finance careers and jobs after BCom, then link to the programme",Do not promise an outcome without published terms
334,banking jobs after MBA finance,Graduate Intent,Informational/Commercial,MOFU,/career-guides/finance-careers-after-graduation/,P0,supporting,84,,,no exact Semrush match,graduate career decision guide,"Answer finance careers and jobs after BCom, then link to the programme",Do not promise an outcome without published terms
335,finance operations career after MBA finance,Graduate Intent,Informational/Commercial,MOFU,/career-guides/finance-careers-after-graduation/,P0,supporting,84,,,no exact Semrush match,graduate career decision guide,"Answer finance careers and jobs after BCom, then link to the programme",Do not promise an outcome without published terms
336,KYC AML career after MBA finance,Graduate Intent,Informational/Commercial,MOFU,/career-guides/finance-careers-after-graduation/,P0,supporting,84,,,no exact Semrush match,graduate career decision guide,"Answer finance careers and jobs after BCom, then link to the programme",Do not promise an outcome without published terms
337,short term finance course after MBA finance,Graduate Intent,Informational/Commercial,MOFU,/career-guides/finance-careers-after-graduation/,P0,supporting,84,,,no exact Semrush match,graduate career decision guide,"Answer finance careers and jobs after BCom, then link to the programme",Do not promise an outcome without published terms
338,best finance course after BA economics,Graduate Intent,Informational/Commercial,MOFU,/career-guides/finance-careers-after-graduation/,P0,supporting,84,,,no exact Semrush match,graduate career decision guide,"Answer finance careers and jobs after BCom, then link to the programme",Do not promise an outcome without published terms
339,investment banking course after BA economics,Graduate Intent,Informational/Commercial,MOFU,/career-guides/finance-careers-after-graduation/,P0,supporting,84,,,no exact Semrush match,graduate career decision guide,"Answer finance careers and jobs after BCom, then link to the programme",Do not promise an outcome without published terms
340,investment banking operations after BA economics,Graduate Intent,Informational/Commercial,MOFU,/career-guides/finance-careers-after-graduation/,P0,supporting,84,,,no exact Semrush match,graduate career decision guide,"Answer finance careers and jobs after BCom, then link to the programme",Do not promise an outcome without published terms
341,finance jobs after BA economics,Graduate Intent,Informational/Commercial,MOFU,/career-guides/finance-careers-after-graduation/,P0,supporting,84,,,no exact Semrush match,graduate career decision guide,"Answer finance careers and jobs after BCom, then link to the programme",Do not promise an outcome without published terms
342,banking jobs after BA economics,Graduate Intent,Informational/Commercial,MOFU,/career-guides/finance-careers-after-graduation/,P0,supporting,84,,,no exact Semrush match,graduate career decision guide,"Answer finance careers and jobs after BCom, then link to the programme",Do not promise an outcome without published terms
343,finance operations career after BA economics,Graduate Intent,Informational/Commercial,MOFU,/career-guides/finance-careers-after-graduation/,P0,supporting,84,,,no exact Semrush match,graduate career decision guide,"Answer finance careers and jobs after BCom, then link to the programme",Do not promise an outcome without published terms
344,KYC AML career after BA economics,Graduate Intent,Informational/Commercial,MOFU,/career-guides/finance-careers-after-graduation/,P0,supporting,84,,,no exact Semrush match,graduate career decision guide,"Answer finance careers and jobs after BCom, then link to the programme",Do not promise an outcome without published terms
345,short term finance course after BA economics,Graduate Intent,Informational/Commercial,MOFU,/career-guides/finance-careers-after-graduation/,P0,supporting,84,,,no exact Semrush match,graduate career decision guide,"Answer finance careers and jobs after BCom, then link to the programme",Do not promise an outcome without published terms
346,best finance course after BSc,Graduate Intent,Informational/Commercial,MOFU,/career-guides/finance-careers-after-graduation/,P0,supporting,84,,,no exact Semrush match,graduate career decision guide,"Answer finance careers and jobs after BCom, then link to the programme",Do not promise an outcome without published terms
347,investment banking course after BSc,Graduate Intent,Informational/Commercial,MOFU,/career-guides/finance-careers-after-graduation/,P0,supporting,84,,,no exact Semrush match,graduate career decision guide,"Answer finance careers and jobs after BCom, then link to the programme",Do not promise an outcome without published terms
348,investment banking operations after BSc,Graduate Intent,Informational/Commercial,MOFU,/career-guides/finance-careers-after-graduation/,P0,supporting,84,,,no exact Semrush match,graduate career decision guide,"Answer finance careers and jobs after BCom, then link to the programme",Do not promise an outcome without published terms
349,finance jobs after BSc,Graduate Intent,Informational/Commercial,MOFU,/career-guides/finance-careers-after-graduation/,P0,supporting,84,,,no exact Semrush match,graduate career decision guide,"Answer finance careers and jobs after BCom, then link to the programme",Do not promise an outcome without published terms
350,banking jobs after BSc,Graduate Intent,Informational/Commercial,MOFU,/career-guides/finance-careers-after-graduation/,P0,supporting,84,,,no exact Semrush match,graduate career decision guide,"Answer finance careers and jobs after BCom, then link to the programme",Do not promise an outcome without published terms
351,finance operations career after BSc,Graduate Intent,Informational/Commercial,MOFU,/career-guides/finance-careers-after-graduation/,P0,supporting,84,,,no exact Semrush match,graduate career decision guide,"Answer finance careers and jobs after BCom, then link to the programme",Do not promise an outcome without published terms
352,KYC AML career after BSc,Graduate Intent,Informational/Commercial,MOFU,/career-guides/finance-careers-after-graduation/,P0,supporting,84,,,no exact Semrush match,graduate career decision guide,"Answer finance careers and jobs after BCom, then link to the programme",Do not promise an outcome without published terms
353,short term finance course after BSc,Graduate Intent,Informational/Commercial,MOFU,/career-guides/finance-careers-after-graduation/,P0,supporting,84,,,no exact Semrush match,graduate career decision guide,"Answer finance careers and jobs after BCom, then link to the programme",Do not promise an outcome without published terms
354,best finance course after engineering,Graduate Intent,Informational/Commercial,MOFU,/career-guides/finance-careers-after-graduation/,P0,supporting,84,,,no exact Semrush match,graduate career decision guide,"Answer finance careers and jobs after BCom, then link to the programme",Do not promise an outcome without published terms
355,investment banking course after engineering,Graduate Intent,Informational/Commercial,MOFU,/career-guides/finance-careers-after-graduation/,P0,supporting,84,,,no exact Semrush match,graduate career decision guide,"Answer finance careers and jobs after BCom, then link to the programme",Do not promise an outcome without published terms
356,investment banking operations after engineering,Graduate Intent,Informational/Commercial,MOFU,/career-guides/finance-careers-after-graduation/,P0,supporting,84,,,no exact Semrush match,graduate career decision guide,"Answer finance careers and jobs after BCom, then link to the programme",Do not promise an outcome without published terms
357,finance jobs after engineering,Graduate Intent,Informational/Commercial,MOFU,/career-guides/finance-careers-after-graduation/,P0,supporting,84,,,no exact Semrush match,graduate career decision guide,"Answer finance careers and jobs after BCom, then link to the programme",Do not promise an outcome without published terms
358,banking jobs after engineering,Graduate Intent,Informational/Commercial,MOFU,/career-guides/finance-careers-after-graduation/,P0,supporting,84,,,no exact Semrush match,graduate career decision guide,"Answer finance careers and jobs after BCom, then link to the programme",Do not promise an outcome without published terms
359,finance operations career after engineering,Graduate Intent,Informational/Commercial,MOFU,/career-guides/finance-careers-after-graduation/,P0,supporting,84,,,no exact Semrush match,graduate career decision guide,"Answer finance careers and jobs after BCom, then link to the programme",Do not promise an outcome without published terms
360,KYC AML career after engineering,Graduate Intent,Informational/Commercial,MOFU,/career-guides/finance-careers-after-graduation/,P0,supporting,84,,,no exact Semrush match,graduate career decision guide,"Answer finance careers and jobs after BCom, then link to the programme",Do not promise an outcome without published terms
361,short term finance course after engineering,Graduate Intent,Informational/Commercial,MOFU,/career-guides/finance-careers-after-graduation/,P0,supporting,84,,,no exact Semrush match,graduate career decision guide,"Answer finance careers and jobs after BCom, then link to the programme",Do not promise an outcome without published terms
362,best finance course after graduates,Graduate Intent,Informational/Commercial,MOFU,/career-guides/finance-careers-after-graduation/,P0,supporting,84,,,no exact Semrush match,graduate career decision guide,"Answer finance careers and jobs after BCom, then link to the programme",Do not promise an outcome without published terms
363,investment banking course after graduates,Graduate Intent,Informational/Commercial,MOFU,/career-guides/finance-careers-after-graduation/,P0,supporting,84,,,no exact Semrush match,graduate career decision guide,"Answer finance careers and jobs after BCom, then link to the programme",Do not promise an outcome without published terms
364,investment banking operations after graduates,Graduate Intent,Informational/Commercial,MOFU,/career-guides/finance-careers-after-graduation/,P0,supporting,84,,,no exact Semrush match,graduate career decision guide,"Answer finance careers and jobs after BCom, then link to the programme",Do not promise an outcome without published terms
365,finance jobs after graduates,Graduate Intent,Informational/Commercial,MOFU,/career-guides/finance-careers-after-graduation/,P0,supporting,84,,,no exact Semrush match,graduate career decision guide,"Answer finance careers and jobs after BCom, then link to the programme",Do not promise an outcome without published terms
366,banking jobs after graduates,Graduate Intent,Informational/Commercial,MOFU,/career-guides/finance-careers-after-graduation/,P0,supporting,84,,,no exact Semrush match,graduate career decision guide,"Answer finance careers and jobs after BCom, then link to the programme",Do not promise an outcome without published terms
367,finance operations career after graduates,Graduate Intent,Informational/Commercial,MOFU,/career-guides/finance-careers-after-graduation/,P0,supporting,84,,,no exact Semrush match,graduate career decision guide,"Answer finance careers and jobs after BCom, then link to the programme",Do not promise an outcome without published terms
368,KYC AML career after graduates,Graduate Intent,Informational/Commercial,MOFU,/career-guides/finance-careers-after-graduation/,P0,supporting,84,,,no exact Semrush match,graduate career decision guide,"Answer finance careers and jobs after BCom, then link to the programme",Do not promise an outcome without published terms
369,short term finance course after graduates,Graduate Intent,Informational/Commercial,MOFU,/career-guides/finance-careers-after-graduation/,P0,supporting,84,,,no exact Semrush match,graduate career decision guide,"Answer finance careers and jobs after BCom, then link to the programme",Do not promise an outcome without published terms
120,what is KYC in banking,KYC & AML,Informational,TOFU/MOFU,/career-guides/kyc-aml-analyst/,P0,primary,82,,,no exact Semrush match,KYC and AML role explainer,Explain analyst tasks and entry requirements,Do not imply a guaranteed KYC analyst role
121,what is AML in banking,KYC & AML,Informational,TOFU/MOFU,/career-guides/kyc-aml-analyst/,P0,supporting,82,,,no exact Semrush match,KYC and AML role explainer,Explain analyst tasks and entry requirements,Do not imply a guaranteed KYC analyst role
122,KYC and AML difference,KYC & AML,Informational,TOFU/MOFU,/career-guides/kyc-aml-analyst/,P0,supporting,82,,,no exact Semrush match,KYC and AML role explainer,Explain analyst tasks and entry requirements,Do not imply a guaranteed KYC analyst role
123,KYC AML process,KYC & AML,Informational,TOFU/MOFU,/career-guides/kyc-aml-analyst/,P0,supporting,82,,,no exact Semrush match,KYC and AML role explainer,Explain analyst tasks and entry requirements,Do not imply a guaranteed KYC analyst role
124,KYC onboarding process,KYC & AML,Informational,TOFU/MOFU,/career-guides/kyc-aml-analyst/,P0,supporting,82,,,no exact Semrush match,KYC and AML role explainer,Explain analyst tasks and entry requirements,Do not imply a guaranteed KYC analyst role
125,customer due diligence process,KYC & AML,Informational,TOFU/MOFU,/career-guides/kyc-aml-analyst/,P0,supporting,82,,,no exact Semrush match,KYC and AML role explainer,Explain analyst tasks and entry requirements,Do not imply a guaranteed KYC analyst role
126,enhanced due diligence meaning,KYC & AML,Informational,TOFU/MOFU,/career-guides/kyc-aml-analyst/,P0,supporting,82,,,no exact Semrush match,KYC and AML role explainer,Explain analyst tasks and entry requirements,Do not imply a guaranteed KYC analyst role
127,transaction monitoring in AML,KYC & AML,Informational,TOFU/MOFU,/career-guides/kyc-aml-analyst/,P0,supporting,82,,,no exact Semrush match,KYC and AML role explainer,Explain analyst tasks and entry requirements,Do not imply a guaranteed KYC analyst role
128,sanctions screening process,KYC & AML,Informational,TOFU/MOFU,/career-guides/kyc-aml-analyst/,P0,supporting,82,,,no exact Semrush match,KYC and AML role explainer,Explain analyst tasks and entry requirements,Do not imply a guaranteed KYC analyst role
129,PEP screening meaning,KYC & AML,Informational,TOFU/MOFU,/career-guides/kyc-aml-analyst/,P0,supporting,82,,,no exact Semrush match,KYC and AML role explainer,Explain analyst tasks and entry requirements,Do not imply a guaranteed KYC analyst role
130,adverse media screening,KYC & AML,Informational,TOFU/MOFU,/career-guides/kyc-aml-analyst/,P0,supporting,82,,,no exact Semrush match,KYC and AML role explainer,Explain analyst tasks and entry requirements,Do not imply a guaranteed KYC analyst role
131,KYC risk rating,KYC & AML,Informational,TOFU/MOFU,/career-guides/kyc-aml-analyst/,P0,supporting,82,,,no exact Semrush match,KYC and AML role explainer,Explain analyst tasks and entry requirements,Do not imply a guaranteed KYC analyst role
132,AML red flags,KYC & AML,Informational,TOFU/MOFU,/career-guides/kyc-aml-analyst/,P0,supporting,82,,,no exact Semrush match,KYC and AML role explainer,Explain analyst tasks and entry requirements,Do not imply a guaranteed KYC analyst role
133,money laundering stages,KYC & AML,Informational,TOFU/MOFU,/career-guides/kyc-aml-analyst/,P0,supporting,82,,,no exact Semrush match,KYC and AML role explainer,Explain analyst tasks and entry requirements,Do not imply a guaranteed KYC analyst role
134,KYC analyst roles and responsibilities,KYC & AML,Informational,TOFU/MOFU,/career-guides/kyc-aml-analyst/,P0,supporting,82,,,no exact Semrush match,KYC and AML role explainer,Explain analyst tasks and entry requirements,Do not imply a guaranteed KYC analyst role
135,AML analyst roles and responsibilities,KYC & AML,Informational,TOFU/MOFU,/career-guides/kyc-aml-analyst/,P0,supporting,82,,,no exact Semrush match,KYC and AML role explainer,Explain analyst tasks and entry requirements,Do not imply a guaranteed KYC analyst role
136,KYC analyst salary in India,KYC & AML,Informational,TOFU/MOFU,/career-guides/kyc-aml-analyst/,P0,supporting,82,,,no exact Semrush match,KYC and AML role explainer,Explain analyst tasks and entry requirements,Do not imply a guaranteed KYC analyst role
137,AML analyst salary in India,KYC & AML,Informational,TOFU/MOFU,/career-guides/kyc-aml-analyst/,P0,supporting,82,,,no exact Semrush match,KYC and AML role explainer,Explain analyst tasks and entry requirements,Do not imply a guaranteed KYC analyst role
138,how to become KYC analyst,KYC & AML,Informational,TOFU/MOFU,/career-guides/kyc-aml-analyst/,P0,supporting,82,,,no exact Semrush match,KYC and AML role explainer,Explain analyst tasks and entry requirements,Do not imply a guaranteed KYC analyst role
139,how to become AML analyst,KYC & AML,Informational,TOFU/MOFU,/career-guides/kyc-aml-analyst/,P0,supporting,82,,,no exact Semrush match,KYC and AML role explainer,Explain analyst tasks and entry requirements,Do not imply a guaranteed KYC analyst role
140,KYC analyst jobs for freshers,KYC & AML,Informational,TOFU/MOFU,/career-guides/kyc-aml-analyst/,P0,supporting,82,,,no exact Semrush match,KYC and AML role explainer,Explain analyst tasks and entry requirements,Do not imply a guaranteed KYC analyst role
141,AML analyst jobs for freshers,KYC & AML,Informational,TOFU/MOFU,/career-guides/kyc-aml-analyst/,P0,supporting,82,,,no exact Semrush match,KYC and AML role explainer,Explain analyst tasks and entry requirements,Do not imply a guaranteed KYC analyst role
142,KYC jobs after BCom,KYC & AML,Informational,TOFU/MOFU,/career-guides/kyc-aml-analyst/,P0,supporting,82,,,no exact Semrush match,KYC and AML role explainer,Explain analyst tasks and entry requirements,Do not imply a guaranteed KYC analyst role
143,AML jobs after BCom,KYC & AML,Informational,TOFU/MOFU,/career-guides/kyc-aml-analyst/,P0,supporting,82,,,no exact Semrush match,KYC and AML role explainer,Explain analyst tasks and entry requirements,Do not imply a guaranteed KYC analyst role
144,KYC interview questions,KYC & AML,Informational,TOFU/MOFU,/career-guides/kyc-aml-analyst/,P0,supporting,82,,,no exact Semrush match,KYC and AML role explainer,Explain analyst tasks and entry requirements,Do not imply a guaranteed KYC analyst role
145,AML interview questions,KYC & AML,Informational,TOFU/MOFU,/career-guides/kyc-aml-analyst/,P0,supporting,82,,,no exact Semrush match,KYC and AML role explainer,Explain analyst tasks and entry requirements,Do not imply a guaranteed KYC analyst role
146,KYC AML interview questions and answers,KYC & AML,Informational,TOFU/MOFU,/career-guides/kyc-aml-analyst/,P0,supporting,82,,,no exact Semrush match,KYC and AML role explainer,Explain analyst tasks and entry requirements,Do not imply a guaranteed KYC analyst role
147,client onboarding analyst career,KYC & AML,Informational,TOFU/MOFU,/career-guides/kyc-aml-analyst/,P0,supporting,82,,,no exact Semrush match,KYC and AML role explainer,Explain analyst tasks and entry requirements,Do not imply a guaranteed KYC analyst role
148,KYC remediation analyst,KYC & AML,Informational,TOFU/MOFU,/career-guides/kyc-aml-analyst/,P0,supporting,82,,,no exact Semrush match,KYC and AML role explainer,Explain analyst tasks and entry requirements,Do not imply a guaranteed KYC analyst role
149,KYC operations analyst,KYC & AML,Informational,TOFU/MOFU,/career-guides/kyc-aml-analyst/,P0,supporting,82,,,no exact Semrush match,KYC and AML role explainer,Explain analyst tasks and entry requirements,Do not imply a guaranteed KYC analyst role
150,financial crime analyst career,KYC & AML,Informational,TOFU/MOFU,/career-guides/kyc-aml-analyst/,P0,supporting,82,,,no exact Semrush match,KYC and AML role explainer,Explain analyst tasks and entry requirements,Do not imply a guaranteed KYC analyst role
151,AML transaction monitoring analyst,KYC & AML,Informational,TOFU/MOFU,/career-guides/kyc-aml-analyst/,P0,supporting,82,,,no exact Semrush match,KYC and AML role explainer,Explain analyst tasks and entry requirements,Do not imply a guaranteed KYC analyst role
375,trade support analyst salary in India,Role & Career,Informational,TOFU/MOFU,/career-guides/trade-lifecycle/,P0,supporting,82,,,no exact Semrush match,trade lifecycle learning guide,Give a clear step-by-step operations explanation,Describe learning content without implying a separate course
376,trade support analyst roles and responsibilities,Role & Career,Informational,TOFU/MOFU,/career-guides/trade-lifecycle/,P0,supporting,82,,,no exact Semrush match,trade lifecycle learning guide,Give a clear step-by-step operations explanation,Describe learning content without implying a separate course
377,how to become trade support analyst,Role & Career,Informational,TOFU/MOFU,/career-guides/trade-lifecycle/,P0,supporting,82,,,no exact Semrush match,trade lifecycle learning guide,Give a clear step-by-step operations explanation,Describe learning content without implying a separate course
378,trade support analyst jobs for freshers,Role & Career,Informational,TOFU/MOFU,/career-guides/trade-lifecycle/,P0,supporting,82,,,no exact Semrush match,trade lifecycle learning guide,Give a clear step-by-step operations explanation,Describe learning content without implying a separate course
379,middle office analyst salary in India,Role & Career,Informational,TOFU/MOFU,/career-guides/trade-lifecycle/,P0,supporting,82,,,no exact Semrush match,trade lifecycle learning guide,Give a clear step-by-step operations explanation,Describe learning content without implying a separate course
380,middle office analyst roles and responsibilities,Role & Career,Informational,TOFU/MOFU,/career-guides/trade-lifecycle/,P0,supporting,82,,,no exact Semrush match,trade lifecycle learning guide,Give a clear step-by-step operations explanation,Describe learning content without implying a separate course
381,how to become middle office analyst,Role & Career,Informational,TOFU/MOFU,/career-guides/trade-lifecycle/,P0,supporting,82,,,no exact Semrush match,trade lifecycle learning guide,Give a clear step-by-step operations explanation,Describe learning content without implying a separate course
382,middle office analyst jobs for freshers,Role & Career,Informational,TOFU/MOFU,/career-guides/trade-lifecycle/,P0,supporting,82,,,no exact Semrush match,trade lifecycle learning guide,Give a clear step-by-step operations explanation,Describe learning content without implying a separate course
383,settlement analyst salary in India,Role & Career,Informational,TOFU/MOFU,/career-guides/trade-lifecycle/,P0,supporting,82,,,no exact Semrush match,trade lifecycle learning guide,Give a clear step-by-step operations explanation,Describe learning content without implying a separate course
384,settlement analyst roles and responsibilities,Role & Career,Informational,TOFU/MOFU,/career-guides/trade-lifecycle/,P0,supporting,82,,,no exact Semrush match,trade lifecycle learning guide,Give a clear step-by-step operations explanation,Describe learning content without implying a separate course
385,how to become settlement analyst,Role & Career,Informational,TOFU/MOFU,/career-guides/trade-lifecycle/,P0,supporting,82,,,no exact Semrush match,trade lifecycle learning guide,Give a clear step-by-step operations explanation,Describe learning content without implying a separate course
386,settlement analyst jobs for freshers,Role & Career,Informational,TOFU/MOFU,/career-guides/trade-lifecycle/,P0,supporting,82,,,no exact Semrush match,trade lifecycle learning guide,Give a clear step-by-step operations explanation,Describe learning content without implying a separate course
387,settlement analyst interview questions,Role & Career,Informational,TOFU/MOFU,/career-guides/trade-lifecycle/,P0,supporting,82,,,no exact Semrush match,trade lifecycle learning guide,Give a clear step-by-step operations explanation,Describe learning content without implying a separate course
388,reconciliation analyst salary in India,Role & Career,Informational,TOFU/MOFU,/career-guides/trade-lifecycle/,P0,supporting,82,,,no exact Semrush match,trade lifecycle learning guide,Give a clear step-by-step operations explanation,Describe learning content without implying a separate course
389,reconciliation analyst roles and responsibilities,Role & Career,Informational,TOFU/MOFU,/career-guides/trade-lifecycle/,P0,supporting,82,,,no exact Semrush match,trade lifecycle learning guide,Give a clear step-by-step operations explanation,Describe learning content without implying a separate course
390,how to become reconciliation analyst,Role & Career,Informational,TOFU/MOFU,/career-guides/trade-lifecycle/,P0,supporting,82,,,no exact Semrush match,trade lifecycle learning guide,Give a clear step-by-step operations explanation,Describe learning content without implying a separate course
391,reconciliation analyst jobs for freshers,Role & Career,Informational,TOFU/MOFU,/career-guides/trade-lifecycle/,P0,supporting,82,,,no exact Semrush match,trade lifecycle learning guide,Give a clear step-by-step operations explanation,Describe learning content without implying a separate course
392,reconciliation analyst interview questions,Role & Career,Informational,TOFU/MOFU,/career-guides/trade-lifecycle/,P0,supporting,82,,,no exact Semrush match,trade lifecycle learning guide,Give a clear step-by-step operations explanation,Describe learning content without implying a separate course
393,corporate actions analyst salary in India,Role & Career,Informational,TOFU/MOFU,/career-guides/trade-lifecycle/,P0,supporting,82,,,no exact Semrush match,trade lifecycle learning guide,Give a clear step-by-step operations explanation,Describe learning content without implying a separate course
394,corporate actions analyst roles and responsibilities,Role & Career,Informational,TOFU/MOFU,/career-guides/trade-lifecycle/,P0,supporting,82,,,no exact Semrush match,trade lifecycle learning guide,Give a clear step-by-step operations explanation,Describe learning content without implying a separate course
395,how to become corporate actions analyst,Role & Career,Informational,TOFU/MOFU,/career-guides/trade-lifecycle/,P0,supporting,82,,,no exact Semrush match,trade lifecycle learning guide,Give a clear step-by-step operations explanation,Describe learning content without implying a separate course
396,corporate actions analyst jobs for freshers,Role & Career,Informational,TOFU/MOFU,/career-guides/trade-lifecycle/,P0,supporting,82,,,no exact Semrush match,trade lifecycle learning guide,Give a clear step-by-step operations explanation,Describe learning content without implying a separate course
397,corporate actions analyst interview questions,Role & Career,Informational,TOFU/MOFU,/career-guides/trade-lifecycle/,P0,supporting,82,,,no exact Semrush match,trade lifecycle learning guide,Give a clear step-by-step operations explanation,Describe learning content without implying a separate course
398,KYC analyst career,Role & Career,Informational,TOFU/MOFU,/career-guides/kyc-aml-analyst/,P0,supporting,82,,,no exact Semrush match,KYC and AML role explainer,Explain analyst tasks and entry requirements,Do not imply a guaranteed KYC analyst role
399,KYC analyst interview questions,Role & Career,Informational,TOFU/MOFU,/career-guides/kyc-aml-analyst/,P0,supporting,82,,,no exact Semrush match,KYC and AML role explainer,Explain analyst tasks and entry requirements,Do not imply a guaranteed KYC analyst role
400,AML analyst career,Role & Career,Informational,TOFU/MOFU,/career-guides/kyc-aml-analyst/,P0,supporting,82,,,no exact Semrush match,KYC and AML role explainer,Explain analyst tasks and entry requirements,Do not imply a guaranteed KYC analyst role
401,AML analyst interview questions,Role & Career,Informational,TOFU/MOFU,/career-guides/kyc-aml-analyst/,P0,supporting,82,,,no exact Semrush match,KYC and AML role explainer,Explain analyst tasks and entry requirements,Do not imply a guaranteed KYC analyst role
402,client onboarding analyst salary in India,Role & Career,Informational,TOFU/MOFU,/career-guides/kyc-aml-analyst/,P0,supporting,82,,,no exact Semrush match,KYC and AML role explainer,Explain analyst tasks and entry requirements,Do not imply a guaranteed KYC analyst role
403,client onboarding analyst roles and responsibilities,Role & Career,Informational,TOFU/MOFU,/career-guides/kyc-aml-analyst/,P0,supporting,82,,,no exact Semrush match,KYC and AML role explainer,Explain analyst tasks and entry requirements,Do not imply a guaranteed KYC analyst role
404,how to become client onboarding analyst,Role & Career,Informational,TOFU/MOFU,/career-guides/kyc-aml-analyst/,P0,supporting,82,,,no exact Semrush match,KYC and AML role explainer,Explain analyst tasks and entry requirements,Do not imply a guaranteed KYC analyst role
405,client onboarding analyst jobs for freshers,Role & Career,Informational,TOFU/MOFU,/career-guides/kyc-aml-analyst/,P0,supporting,82,,,no exact Semrush match,KYC and AML role explainer,Explain analyst tasks and entry requirements,Do not imply a guaranteed KYC analyst role
406,client onboarding analyst interview questions,Role & Career,Informational,TOFU/MOFU,/career-guides/kyc-aml-analyst/,P0,supporting,82,,,no exact Semrush match,KYC and AML role explainer,Explain analyst tasks and entry requirements,Do not imply a guaranteed KYC analyst role
407,CDD analyst career,Role & Career,Informational,TOFU/MOFU,/career-guides/kyc-aml-analyst/,P0,supporting,82,,,no exact Semrush match,KYC and AML role explainer,Explain analyst tasks and entry requirements,Do not imply a guaranteed KYC analyst role
408,CDD analyst salary in India,Role & Career,Informational,TOFU/MOFU,/career-guides/kyc-aml-analyst/,P0,supporting,82,,,no exact Semrush match,KYC and AML role explainer,Explain analyst tasks and entry requirements,Do not imply a guaranteed KYC analyst role
409,CDD analyst roles and responsibilities,Role & Career,Informational,TOFU/MOFU,/career-guides/kyc-aml-analyst/,P0,supporting,82,,,no exact Semrush match,KYC and AML role explainer,Explain analyst tasks and entry requirements,Do not imply a guaranteed KYC analyst role
410,how to become CDD analyst,Role & Career,Informational,TOFU/MOFU,/career-guides/kyc-aml-analyst/,P0,supporting,82,,,no exact Semrush match,KYC and AML role explainer,Explain analyst tasks and entry requirements,Do not imply a guaranteed KYC analyst role
411,CDD analyst jobs for freshers,Role & Career,Informational,TOFU/MOFU,/career-guides/kyc-aml-analyst/,P0,supporting,82,,,no exact Semrush match,KYC and AML role explainer,Explain analyst tasks and entry requirements,Do not imply a guaranteed KYC analyst role
412,CDD analyst interview questions,Role & Career,Informational,TOFU/MOFU,/career-guides/kyc-aml-analyst/,P0,supporting,82,,,no exact Semrush match,KYC and AML role explainer,Explain analyst tasks and entry requirements,Do not imply a guaranteed KYC analyst role
413,transaction monitoring analyst career,Role & Career,Informational,TOFU/MOFU,/career-guides/kyc-aml-analyst/,P0,supporting,82,,,no exact Semrush match,KYC and AML role explainer,Explain analyst tasks and entry requirements,Do not imply a guaranteed KYC analyst role
414,transaction monitoring analyst salary in India,Role & Career,Informational,TOFU/MOFU,/career-guides/kyc-aml-analyst/,P0,supporting,82,,,no exact Semrush match,KYC and AML role explainer,Explain analyst tasks and entry requirements,Do not imply a guaranteed KYC analyst role
415,transaction monitoring analyst roles and responsibilities,Role & Career,Informational,TOFU/MOFU,/career-guides/kyc-aml-analyst/,P0,supporting,82,,,no exact Semrush match,KYC and AML role explainer,Explain analyst tasks and entry requirements,Do not imply a guaranteed KYC analyst role
416,how to become transaction monitoring analyst,Role & Career,Informational,TOFU/MOFU,/career-guides/kyc-aml-analyst/,P0,supporting,82,,,no exact Semrush match,KYC and AML role explainer,Explain analyst tasks and entry requirements,Do not imply a guaranteed KYC analyst role
417,transaction monitoring analyst jobs for freshers,Role & Career,Informational,TOFU/MOFU,/career-guides/kyc-aml-analyst/,P0,supporting,82,,,no exact Semrush match,KYC and AML role explainer,Explain analyst tasks and entry requirements,Do not imply a guaranteed KYC analyst role
418,transaction monitoring analyst interview questions,Role & Career,Informational,TOFU/MOFU,/career-guides/kyc-aml-analyst/,P0,supporting,82,,,no exact Semrush match,KYC and AML role explainer,Explain analyst tasks and entry requirements,Do not imply a guaranteed KYC analyst role
435,reference data analyst salary in India,Role & Career,Informational,TOFU/MOFU,/career-guides/trade-lifecycle/,P0,supporting,82,,,no exact Semrush match,trade lifecycle learning guide,Give a clear step-by-step operations explanation,Describe learning content without implying a separate course
436,reference data analyst roles and responsibilities,Role & Career,Informational,TOFU/MOFU,/career-guides/trade-lifecycle/,P0,supporting,82,,,no exact Semrush match,trade lifecycle learning guide,Give a clear step-by-step operations explanation,Describe learning content without implying a separate course
437,how to become reference data analyst,Role & Career,Informational,TOFU/MOFU,/career-guides/trade-lifecycle/,P0,supporting,82,,,no exact Semrush match,trade lifecycle learning guide,Give a clear step-by-step operations explanation,Describe learning content without implying a separate course
438,reference data analyst jobs for freshers,Role & Career,Informational,TOFU/MOFU,/career-guides/trade-lifecycle/,P0,supporting,82,,,no exact Semrush match,trade lifecycle learning guide,Give a clear step-by-step operations explanation,Describe learning content without implying a separate course
439,reference data analyst interview questions,Role & Career,Informational,TOFU/MOFU,/career-guides/trade-lifecycle/,P0,supporting,82,,,no exact Semrush match,trade lifecycle learning guide,Give a clear step-by-step operations explanation,Describe learning content without implying a separate course
440,collateral management analyst salary in India,Role & Career,Informational,TOFU/MOFU,/career-guides/trade-lifecycle/,P0,supporting,82,,,no exact Semrush match,trade lifecycle learning guide,Give a clear step-by-step operations explanation,Describe learning content without implying a separate course
441,collateral management analyst roles and responsibilities,Role & Career,Informational,TOFU/MOFU,/career-guides/trade-lifecycle/,P0,supporting,82,,,no exact Semrush match,trade lifecycle learning guide,Give a clear step-by-step operations explanation,Describe learning content without implying a separate course
442,how to become collateral management analyst,Role & Career,Informational,TOFU/MOFU,/career-guides/trade-lifecycle/,P0,supporting,82,,,no exact Semrush match,trade lifecycle learning guide,Give a clear step-by-step operations explanation,Describe learning content without implying a separate course
443,collateral management analyst jobs for freshers,Role & Career,Informational,TOFU/MOFU,/career-guides/trade-lifecycle/,P0,supporting,82,,,no exact Semrush match,trade lifecycle learning guide,Give a clear step-by-step operations explanation,Describe learning content without implying a separate course
444,collateral management analyst interview questions,Role & Career,Informational,TOFU/MOFU,/career-guides/trade-lifecycle/,P0,supporting,82,,,no exact Semrush match,trade lifecycle learning guide,Give a clear step-by-step operations explanation,Describe learning content without implying a separate course
152,trade lifecycle in investment banking,Trade & Post-Trade,Informational,TOFU/MOFU,/career-guides/trade-lifecycle/,P0,primary,80,,,no exact Semrush match,trade lifecycle learning guide,Give a clear step-by-step operations explanation,Describe learning content without implying a separate course
153,trade life cycle explained,Trade & Post-Trade,Informational,TOFU/MOFU,/career-guides/trade-lifecycle/,P0,supporting,80,,,no exact Semrush match,trade lifecycle learning guide,Give a clear step-by-step operations explanation,Describe learning content without implying a separate course
154,trade lifecycle steps,Trade & Post-Trade,Informational,TOFU/MOFU,/career-guides/trade-lifecycle/,P0,supporting,80,,,no exact Semrush match,trade lifecycle learning guide,Give a clear step-by-step operations explanation,Describe learning content without implying a separate course
155,trade lifecycle interview questions,Trade & Post-Trade,Informational,TOFU/MOFU,/career-guides/trade-lifecycle/,P0,supporting,80,,,no exact Semrush match,trade lifecycle learning guide,Give a clear step-by-step operations explanation,Describe learning content without implying a separate course
156,trade lifecycle settlement process,Trade & Post-Trade,Informational,TOFU/MOFU,/career-guides/trade-lifecycle/,P0,supporting,80,,,no exact Semrush match,trade lifecycle learning guide,Give a clear step-by-step operations explanation,Describe learning content without implying a separate course
157,front to back trade lifecycle,Trade & Post-Trade,Informational,TOFU/MOFU,/career-guides/trade-lifecycle/,P0,supporting,80,,,no exact Semrush match,trade lifecycle learning guide,Give a clear step-by-step operations explanation,Describe learning content without implying a separate course
158,equity trade lifecycle,Trade & Post-Trade,Informational,TOFU/MOFU,/career-guides/trade-lifecycle/,P0,supporting,80,,,no exact Semrush match,trade lifecycle learning guide,Give a clear step-by-step operations explanation,Describe learning content without implying a separate course
159,bond trade lifecycle,Trade & Post-Trade,Informational,TOFU/MOFU,/career-guides/trade-lifecycle/,P0,supporting,80,,,no exact Semrush match,trade lifecycle learning guide,Give a clear step-by-step operations explanation,Describe learning content without implying a separate course
160,derivatives trade lifecycle,Trade & Post-Trade,Informational,TOFU/MOFU,/career-guides/trade-lifecycle/,P0,supporting,80,,,no exact Semrush match,trade lifecycle learning guide,Give a clear step-by-step operations explanation,Describe learning content without implying a separate course
161,OTC derivatives trade lifecycle,Trade & Post-Trade,Informational,TOFU/MOFU,/career-guides/trade-lifecycle/,P0,supporting,80,,,no exact Semrush match,trade lifecycle learning guide,Give a clear step-by-step operations explanation,Describe learning content without implying a separate course
162,trade confirmation process,Trade & Post-Trade,Informational,TOFU/MOFU,/career-guides/trade-lifecycle/,P0,supporting,80,,,no exact Semrush match,trade lifecycle learning guide,Give a clear step-by-step operations explanation,Describe learning content without implying a separate course
163,trade affirmation process,Trade & Post-Trade,Informational,TOFU/MOFU,/career-guides/trade-lifecycle/,P0,supporting,80,,,no exact Semrush match,trade lifecycle learning guide,Give a clear step-by-step operations explanation,Describe learning content without implying a separate course
164,trade settlement process,Trade & Post-Trade,Informational,TOFU/MOFU,/career-guides/trade-lifecycle/,P0,supporting,80,210,19,unverified in Semrush export,trade lifecycle learning guide,Give a clear step-by-step operations explanation,Describe learning content without implying a separate course
165,clearing and settlement in investment banking,Trade & Post-Trade,Informational,TOFU/MOFU,/career-guides/trade-lifecycle/,P0,supporting,80,,,no exact Semrush match,trade lifecycle learning guide,Give a clear step-by-step operations explanation,Describe learning content without implying a separate course
166,T+1 settlement process India,Trade & Post-Trade,Informational,TOFU/MOFU,/career-guides/trade-lifecycle/,P0,supporting,80,,,no exact Semrush match,trade lifecycle learning guide,Give a clear step-by-step operations explanation,Describe learning content without implying a separate course
167,trade settlement failure,Trade & Post-Trade,Informational,TOFU/MOFU,/career-guides/trade-lifecycle/,P0,supporting,80,,,no exact Semrush match,trade lifecycle learning guide,Give a clear step-by-step operations explanation,Describe learning content without implying a separate course
168,failed trade management,Trade & Post-Trade,Informational,TOFU/MOFU,/career-guides/trade-lifecycle/,P0,supporting,80,,,no exact Semrush match,trade lifecycle learning guide,Give a clear step-by-step operations explanation,Describe learning content without implying a separate course
169,settlement instructions banking,Trade & Post-Trade,Informational,TOFU/MOFU,/career-guides/trade-lifecycle/,P0,supporting,80,,,no exact Semrush match,trade lifecycle learning guide,Give a clear step-by-step operations explanation,Describe learning content without implying a separate course
170,custodian role in trade settlement,Trade & Post-Trade,Informational,TOFU/MOFU,/career-guides/trade-lifecycle/,P0,supporting,80,,,no exact Semrush match,trade lifecycle learning guide,Give a clear step-by-step operations explanation,Describe learning content without implying a separate course
171,reconciliation in investment banking,Trade & Post-Trade,Informational,TOFU/MOFU,/career-guides/trade-lifecycle/,P0,supporting,80,170,12,unverified in Semrush export,trade lifecycle learning guide,Give a clear step-by-step operations explanation,Describe learning content without implying a separate course
172,cash reconciliation process,Trade & Post-Trade,Informational,TOFU/MOFU,/career-guides/trade-lifecycle/,P0,supporting,80,,,no exact Semrush match,trade lifecycle learning guide,Give a clear step-by-step operations explanation,Describe learning content without implying a separate course
173,position reconciliation process,Trade & Post-Trade,Informational,TOFU/MOFU,/career-guides/trade-lifecycle/,P0,supporting,80,,,no exact Semrush match,trade lifecycle learning guide,Give a clear step-by-step operations explanation,Describe learning content without implying a separate course
174,nostro reconciliation,Trade & Post-Trade,Informational,TOFU/MOFU,/career-guides/trade-lifecycle/,P0,supporting,80,,,no exact Semrush match,trade lifecycle learning guide,Give a clear step-by-step operations explanation,Describe learning content without implying a separate course
175,trade reconciliation interview questions,Trade & Post-Trade,Informational,TOFU/MOFU,/career-guides/trade-lifecycle/,P0,supporting,80,,,no exact Semrush match,trade lifecycle learning guide,Give a clear step-by-step operations explanation,Describe learning content without implying a separate course
176,reconciliation analyst career,Trade & Post-Trade,Informational,TOFU/MOFU,/career-guides/trade-lifecycle/,P0,supporting,80,,,no exact Semrush match,trade lifecycle learning guide,Give a clear step-by-step operations explanation,Describe learning content without implying a separate course
177,reconciliation analyst salary India,Trade & Post-Trade,Informational,TOFU/MOFU,/career-guides/trade-lifecycle/,P0,supporting,80,,,no exact Semrush match,trade lifecycle learning guide,Give a clear step-by-step operations explanation,Describe learning content without implying a separate course
178,settlement analyst career,Trade & Post-Trade,Informational,TOFU/MOFU,/career-guides/trade-lifecycle/,P0,supporting,80,,,no exact Semrush match,trade lifecycle learning guide,Give a clear step-by-step operations explanation,Describe learning content without implying a separate course
179,settlements associate job role,Trade & Post-Trade,Informational,TOFU/MOFU,/career-guides/trade-lifecycle/,P0,supporting,80,,,no exact Semrush match,trade lifecycle learning guide,Give a clear step-by-step operations explanation,Describe learning content without implying a separate course
180,trade support analyst career,Trade & Post-Trade,Informational,TOFU/MOFU,/career-guides/trade-lifecycle/,P0,supporting,80,,,no exact Semrush match,trade lifecycle learning guide,Give a clear step-by-step operations explanation,Describe learning content without implying a separate course
181,trade support analyst interview questions,Trade & Post-Trade,Informational,TOFU/MOFU,/career-guides/trade-lifecycle/,P0,supporting,80,,,no exact Semrush match,trade lifecycle learning guide,Give a clear step-by-step operations explanation,Describe learning content without implying a separate course
182,middle office analyst career,Trade & Post-Trade,Informational,TOFU/MOFU,/career-guides/trade-lifecycle/,P0,supporting,80,,,no exact Semrush match,trade lifecycle learning guide,Give a clear step-by-step operations explanation,Describe learning content without implying a separate course
183,middle office analyst interview questions,Trade & Post-Trade,Informational,TOFU/MOFU,/career-guides/trade-lifecycle/,P0,supporting,80,,,no exact Semrush match,trade lifecycle learning guide,Give a clear step-by-step operations explanation,Describe learning content without implying a separate course
184,corporate actions meaning,Trade & Post-Trade,Informational,TOFU/MOFU,/career-guides/trade-lifecycle/,P0,supporting,80,,,no exact Semrush match,trade lifecycle learning guide,Give a clear step-by-step operations explanation,Describe learning content without implying a separate course
185,corporate actions types,Trade & Post-Trade,Informational,TOFU/MOFU,/career-guides/trade-lifecycle/,P0,supporting,80,,,no exact Semrush match,trade lifecycle learning guide,Give a clear step-by-step operations explanation,Describe learning content without implying a separate course
186,corporate actions in investment banking,Trade & Post-Trade,Informational,TOFU/MOFU,/career-guides/trade-lifecycle/,P0,supporting,80,,,no exact Semrush match,trade lifecycle learning guide,Give a clear step-by-step operations explanation,Describe learning content without implying a separate course
187,corporate actions analyst career,Trade & Post-Trade,Informational,TOFU/MOFU,/career-guides/trade-lifecycle/,P0,supporting,80,,,no exact Semrush match,trade lifecycle learning guide,Give a clear step-by-step operations explanation,Describe learning content without implying a separate course
188,corporate actions interview questions,Trade & Post-Trade,Informational,TOFU/MOFU,/career-guides/trade-lifecycle/,P0,supporting,80,,,no exact Semrush match,trade lifecycle learning guide,Give a clear step-by-step operations explanation,Describe learning content without implying a separate course
189,dividend corporate action process,Trade & Post-Trade,Informational,TOFU/MOFU,/career-guides/trade-lifecycle/,P0,supporting,80,,,no exact Semrush match,trade lifecycle learning guide,Give a clear step-by-step operations explanation,Describe learning content without implying a separate course
190,stock split corporate action process,Trade & Post-Trade,Informational,TOFU/MOFU,/career-guides/trade-lifecycle/,P0,supporting,80,,,no exact Semrush match,trade lifecycle learning guide,Give a clear step-by-step operations explanation,Describe learning content without implying a separate course
191,rights issue corporate action,Trade & Post-Trade,Informational,TOFU/MOFU,/career-guides/trade-lifecycle/,P0,supporting,80,,,no exact Semrush match,trade lifecycle learning guide,Give a clear step-by-step operations explanation,Describe learning content without implying a separate course
192,SWIFT in investment banking operations,Trade & Post-Trade,Informational,TOFU/MOFU,/career-guides/trade-lifecycle/,P0,supporting,80,,,no exact Semrush match,trade lifecycle learning guide,Give a clear step-by-step operations explanation,Describe learning content without implying a separate course
193,SWIFT message types settlement,Trade & Post-Trade,Informational,TOFU/MOFU,/career-guides/trade-lifecycle/,P0,supporting,80,,,no exact Semrush match,trade lifecycle learning guide,Give a clear step-by-step operations explanation,Describe learning content without implying a separate course
194,reference data analyst career,Trade & Post-Trade,Informational,TOFU/MOFU,/career-guides/trade-lifecycle/,P0,supporting,80,,,no exact Semrush match,trade lifecycle learning guide,Give a clear step-by-step operations explanation,Describe learning content without implying a separate course
195,static data in investment banking,Trade & Post-Trade,Informational,TOFU/MOFU,/career-guides/trade-lifecycle/,P0,supporting,80,,,no exact Semrush match,trade lifecycle learning guide,Give a clear step-by-step operations explanation,Describe learning content without implying a separate course
196,securities lending and borrowing operations,Trade & Post-Trade,Informational,TOFU/MOFU,/career-guides/trade-lifecycle/,P0,supporting,80,,,no exact Semrush match,trade lifecycle learning guide,Give a clear step-by-step operations explanation,Describe learning content without implying a separate course
197,collateral management operations,Trade & Post-Trade,Informational,TOFU/MOFU,/career-guides/trade-lifecycle/,P0,supporting,80,,,no exact Semrush match,trade lifecycle learning guide,Give a clear step-by-step operations explanation,Describe learning content without implying a separate course
198,collateral management analyst career,Trade & Post-Trade,Informational,TOFU/MOFU,/career-guides/trade-lifecycle/,P0,supporting,80,,,no exact Semrush match,trade lifecycle learning guide,Give a clear step-by-step operations explanation,Describe learning content without implying a separate course
199,operational risk in investment banking,Trade & Post-Trade,Informational,TOFU/MOFU,/career-guides/trade-lifecycle/,P0,supporting,80,,,no exact Semrush match,trade lifecycle learning guide,Give a clear step-by-step operations explanation,Describe learning content without implying a separate course
200,post trade processing,Trade & Post-Trade,Informational,TOFU/MOFU,/career-guides/trade-lifecycle/,P0,supporting,80,,,no exact Semrush match,trade lifecycle learning guide,Give a clear step-by-step operations explanation,Describe learning content without implying a separate course
201,post trade operations career,Trade & Post-Trade,Informational,TOFU/MOFU,/career-guides/trade-lifecycle/,P0,supporting,80,,,no exact Semrush match,trade lifecycle learning guide,Give a clear step-by-step operations explanation,Describe learning content without implying a separate course
507,investment banking course in Lucknow,Local / Regional,Local Transactional,BOFU,/locations/lucknow/,P1,primary,97,,,no exact Semrush match,verified Lucknow location guide,Explain the verified local learning access and programme,"Use only verified address, facility and delivery claims"
508,investment banking operations course in Lucknow,Local / Regional,Local Transactional,BOFU,/locations/lucknow/,P1,supporting,97,,,no exact Semrush match,verified Lucknow location guide,Explain the verified local learning access and programme,"Use only verified address, facility and delivery claims"
509,investment banking classes in Lucknow,Local / Regional,Local Transactional,BOFU,/locations/lucknow/,P1,supporting,97,,,no exact Semrush match,verified Lucknow location guide,Explain the verified local learning access and programme,"Use only verified address, facility and delivery claims"
510,investment banking institute in Lucknow,Local / Regional,Local Transactional,BOFU,/locations/lucknow/,P1,supporting,97,,,no exact Semrush match,verified Lucknow location guide,Explain the verified local learning access and programme,"Use only verified address, facility and delivery claims"
511,finance operations course in Lucknow,Local / Regional,Local Transactional,BOFU,/locations/lucknow/,P1,supporting,97,,,no exact Semrush match,verified Lucknow location guide,Explain the verified local learning access and programme,"Use only verified address, facility and delivery claims"
512,KYC AML course in Lucknow,Local / Regional,Local Transactional,BOFU,/locations/lucknow/,P1,supporting,97,,,no exact Semrush match,verified Lucknow location guide,Explain the verified local learning access and programme,"Use only verified address, facility and delivery claims"
513,finance course with placement assistance in Lucknow,Local / Regional,Local Transactional,BOFU,/locations/lucknow/,P1,supporting,97,,,no exact Semrush match,verified Lucknow location guide,Explain the verified local learning access and programme,"Use only verified address, facility and delivery claims"
514,best investment banking course in Lucknow,Local / Regional,Local Transactional,BOFU,/locations/lucknow/,P1,supporting,97,,,no exact Semrush match,verified Lucknow location guide,Explain the verified local learning access and programme,"Use only verified address, facility and delivery claims"
454,investment banking course with placement support,Fees & Comparison,Commercial Investigation,MOFU/BOFU,/career-guides/choosing-finance-career-course/,P1,primary,90,,,no exact Semrush match,course-selection decision guide,Give a factual selection checklist and link to published terms,No unsupported placement or guarantee comparisons
455,investment banking course with interview preparation,Fees & Comparison,Commercial Investigation,MOFU/BOFU,/career-guides/choosing-finance-career-course/,P1,supporting,90,,,no exact Semrush match,course-selection decision guide,Give a factual selection checklist and link to published terms,No unsupported placement or guarantee comparisons
459,best short term investment banking course,Fees & Comparison,Commercial Investigation,MOFU/BOFU,/career-guides/choosing-finance-career-course/,P1,supporting,90,,,no exact Semrush match,course-selection decision guide,Give a factual selection checklist and link to published terms,No unsupported placement or guarantee comparisons
460,best job oriented finance course,Fees & Comparison,Commercial Investigation,MOFU/BOFU,/career-guides/choosing-finance-career-course/,P1,supporting,90,,,no exact Semrush match,course-selection decision guide,Give a factual selection checklist and link to published terms,No unsupported placement or guarantee comparisons
461,best finance course for freshers in India,Fees & Comparison,Commercial Investigation,MOFU/BOFU,/career-guides/choosing-finance-career-course/,P1,supporting,90,,,no exact Semrush match,course-selection decision guide,Give a factual selection checklist and link to published terms,No unsupported placement or guarantee comparisons
462,best finance operations course in India,Fees & Comparison,Commercial Investigation,MOFU/BOFU,/career-guides/choosing-finance-career-course/,P1,supporting,90,,,no exact Semrush match,course-selection decision guide,Give a factual selection checklist and link to published terms,No unsupported placement or guarantee comparisons
463,best KYC AML course in India,Fees & Comparison,Commercial Investigation,MOFU/BOFU,/career-guides/choosing-finance-career-course/,P1,supporting,90,,,no exact Semrush match,course-selection decision guide,Give a factual selection checklist and link to published terms,No unsupported placement or guarantee comparisons
464,best banking operations course in India,Fees & Comparison,Commercial Investigation,MOFU/BOFU,/career-guides/choosing-finance-career-course/,P1,supporting,90,,,no exact Semrush match,course-selection decision guide,Give a factual selection checklist and link to published terms,No unsupported placement or guarantee comparisons
465,best course for finance jobs after graduation,Fees & Comparison,Commercial Investigation,MOFU/BOFU,/career-guides/choosing-finance-career-course/,P1,supporting,90,,,no exact Semrush match,course-selection decision guide,Give a factual selection checklist and link to published terms,No unsupported placement or guarantee comparisons
466,investment banking certification vs MBA,Fees & Comparison,Commercial Investigation,MOFU/BOFU,/career-guides/choosing-finance-career-course/,P1,supporting,90,,,no exact Semrush match,course-selection decision guide,Give a factual selection checklist and link to published terms,No unsupported placement or guarantee comparisons
467,investment banking operations course vs CFA,Fees & Comparison,Commercial Investigation,MOFU/BOFU,/career-guides/choosing-finance-career-course/,P1,supporting,90,,,no exact Semrush match,course-selection decision guide,Give a factual selection checklist and link to published terms,No unsupported placement or guarantee comparisons
468,investment banking operations course vs financial modelling,Fees & Comparison,Commercial Investigation,MOFU/BOFU,/career-guides/choosing-finance-career-course/,P1,supporting,90,,,no exact Semrush match,course-selection decision guide,Give a factual selection checklist and link to published terms,No unsupported placement or guarantee comparisons
469,investment banking operations vs CFA,Fees & Comparison,Commercial Investigation,MOFU/BOFU,/career-guides/choosing-finance-career-course/,P1,supporting,90,,,no exact Semrush match,course-selection decision guide,Give a factual selection checklist and link to published terms,No unsupported placement or guarantee comparisons
470,investment banking operations vs financial modelling,Fees & Comparison,Commercial Investigation,MOFU/BOFU,/career-guides/choosing-finance-career-course/,P1,supporting,90,,,no exact Semrush match,course-selection decision guide,Give a factual selection checklist and link to published terms,No unsupported placement or guarantee comparisons
667,investment banking operations course India,Pan-India,Transactional,BOFU,/india/,P1,primary,90,,,no exact Semrush match,national access and study-mode hub,Explain live online access across India and link to the single programme,Avoid duplicating the programme sales page or claiming national classrooms
668,online investment banking operations course India,Pan-India,Transactional,BOFU,/india/,P1,supporting,90,,,no exact Semrush match,national access and study-mode hub,Explain live online access across India and link to the single programme,Avoid duplicating the programme sales page or claiming national classrooms
669,finance operations training India,Pan-India,Transactional,BOFU,/india/,P1,supporting,90,,,no exact Semrush match,national access and study-mode hub,Explain live online access across India and link to the single programme,Avoid duplicating the programme sales page or claiming national classrooms
670,financial operations course India,Pan-India,Transactional,BOFU,/india/,P1,supporting,90,,,no exact Semrush match,national access and study-mode hub,Explain live online access across India and link to the single programme,Avoid duplicating the programme sales page or claiming national classrooms
671,finance training institute India,Pan-India,Transactional,BOFU,/india/,P1,supporting,90,,,no exact Semrush match,national access and study-mode hub,Explain live online access across India and link to the single programme,Avoid duplicating the programme sales page or claiming national classrooms
672,finance career training India,Pan-India,Transactional,BOFU,/india/,P1,supporting,90,,,no exact Semrush match,national access and study-mode hub,Explain live online access across India and link to the single programme,Avoid duplicating the programme sales page or claiming national classrooms
673,job oriented finance course India,Pan-India,Transactional,BOFU,/india/,P1,supporting,90,,,no exact Semrush match,national access and study-mode hub,Explain live online access across India and link to the single programme,Avoid duplicating the programme sales page or claiming national classrooms
674,banking operations training India,Pan-India,Transactional,BOFU,/india/,P1,supporting,90,,,no exact Semrush match,national access and study-mode hub,Explain live online access across India and link to the single programme,Avoid duplicating the programme sales page or claiming national classrooms
675,KYC AML training India,Pan-India,Transactional,BOFU,/india/,P1,supporting,90,,,no exact Semrush match,national access and study-mode hub,Explain live online access across India and link to the single programme,Avoid duplicating the programme sales page or claiming national classrooms
676,digital payments course India,Pan-India,Transactional,BOFU,/india/,P1,supporting,90,,,no exact Semrush match,national access and study-mode hub,Explain live online access across India and link to the single programme,Avoid duplicating the programme sales page or claiming national classrooms
677,fintech operations course India,Pan-India,Transactional,BOFU,/india/,P1,supporting,90,,,no exact Semrush match,national access and study-mode hub,Explain live online access across India and link to the single programme,Avoid duplicating the programme sales page or claiming national classrooms
678,BFSI training institute India,Pan-India,Transactional,BOFU,/india/,P1,supporting,90,,,no exact Semrush match,national access and study-mode hub,Explain live online access across India and link to the single programme,Avoid duplicating the programme sales page or claiming national classrooms
679,finance course for graduates India,Pan-India,Transactional,BOFU,/india/,P1,supporting,90,,,no exact Semrush match,national access and study-mode hub,Explain live online access across India and link to the single programme,Avoid duplicating the programme sales page or claiming national classrooms
680,finance course for freshers India,Pan-India,Transactional,BOFU,/india/,P1,supporting,90,,,no exact Semrush match,national access and study-mode hub,Explain live online access across India and link to the single programme,Avoid duplicating the programme sales page or claiming national classrooms
681,online finance course India with placement assistance,Pan-India,Transactional,BOFU,/india/,P1,supporting,90,,,no exact Semrush match,national access and study-mode hub,Explain live online access across India and link to the single programme,Avoid duplicating the programme sales page or claiming national classrooms
682,short term finance course India,Pan-India,Transactional,BOFU,/india/,P1,supporting,90,,,no exact Semrush match,national access and study-mode hub,Explain live online access across India and link to the single programme,Avoid duplicating the programme sales page or claiming national classrooms
683,best finance career program India,Pan-India,Transactional,BOFU,/india/,P1,supporting,90,,,no exact Semrush match,national access and study-mode hub,Explain live online access across India and link to the single programme,Avoid duplicating the programme sales page or claiming national classrooms
684,finance operations jobs India for freshers,Pan-India,Transactional,BOFU,/india/,P1,supporting,90,,,no exact Semrush match,national access and study-mode hub,Explain live online access across India and link to the single programme,Avoid duplicating the programme sales page or claiming national classrooms
685,global banking operations training India,Pan-India,Transactional,BOFU,/india/,P1,supporting,90,,,no exact Semrush match,national access and study-mode hub,Explain live online access across India and link to the single programme,Avoid duplicating the programme sales page or claiming national classrooms
686,financial services operations training India,Pan-India,Transactional,BOFU,/india/,P1,supporting,90,,,no exact Semrush match,national access and study-mode hub,Explain live online access across India and link to the single programme,Avoid duplicating the programme sales page or claiming national classrooms
482,investment banking operations interview questions for freshers,Interview & Employability,Informational/Commercial,MOFU,/resources/investment-banking-interview-questions/,P1,primary,85,,,no exact Semrush match,operations interview preparation,Improve practical answers and link to relevant role guides,"Keep scope to investment banking operations, not generic accounting"
483,investment banking operations interview preparation,Interview & Employability,Informational/Commercial,MOFU,/resources/investment-banking-interview-questions/,P1,supporting,85,,,no exact Semrush match,operations interview preparation,Improve practical answers and link to relevant role guides,"Keep scope to investment banking operations, not generic accounting"
484,investment banking operations mock interview,Interview & Employability,Informational/Commercial,MOFU,/resources/investment-banking-interview-questions/,P1,supporting,85,,,no exact Semrush match,operations interview preparation,Improve practical answers and link to relevant role guides,"Keep scope to investment banking operations, not generic accounting"
485,trade lifecycle interview questions for freshers,Interview & Employability,Informational/Commercial,MOFU,/resources/investment-banking-interview-questions/,P1,supporting,85,,,no exact Semrush match,operations interview preparation,Improve practical answers and link to relevant role guides,"Keep scope to investment banking operations, not generic accounting"
486,settlement interview questions banking,Interview & Employability,Informational/Commercial,MOFU,/resources/investment-banking-interview-questions/,P1,supporting,85,,,no exact Semrush match,operations interview preparation,Improve practical answers and link to relevant role guides,"Keep scope to investment banking operations, not generic accounting"
487,reconciliation interview questions finance,Interview & Employability,Informational/Commercial,MOFU,/resources/investment-banking-interview-questions/,P1,supporting,85,,,no exact Semrush match,operations interview preparation,Improve practical answers and link to relevant role guides,"Keep scope to investment banking operations, not generic accounting"
488,KYC analyst interview questions for freshers,Interview & Employability,Informational/Commercial,MOFU,/resources/investment-banking-interview-questions/,P1,supporting,85,,,no exact Semrush match,operations interview preparation,Improve practical answers and link to relevant role guides,"Keep scope to investment banking operations, not generic accounting"
489,AML analyst interview questions for freshers,Interview & Employability,Informational/Commercial,MOFU,/resources/investment-banking-interview-questions/,P1,supporting,85,,,no exact Semrush match,operations interview preparation,Improve practical answers and link to relevant role guides,"Keep scope to investment banking operations, not generic accounting"
490,client onboarding interview questions,Interview & Employability,Informational/Commercial,MOFU,/resources/investment-banking-interview-questions/,P1,supporting,85,,,no exact Semrush match,operations interview preparation,Improve practical answers and link to relevant role guides,"Keep scope to investment banking operations, not generic accounting"
491,finance operations interview questions for freshers,Interview & Employability,Informational/Commercial,MOFU,/resources/investment-banking-interview-questions/,P1,supporting,85,,,no exact Semrush match,operations interview preparation,Improve practical answers and link to relevant role guides,"Keep scope to investment banking operations, not generic accounting"
492,banking operations interview questions for freshers,Interview & Employability,Informational/Commercial,MOFU,/resources/investment-banking-interview-questions/,P1,supporting,85,,,no exact Semrush match,operations interview preparation,Improve practical answers and link to relevant role guides,"Keep scope to investment banking operations, not generic accounting"
493,BFSI interview questions for freshers,Interview & Employability,Informational/Commercial,MOFU,/resources/investment-banking-interview-questions/,P1,supporting,85,,,no exact Semrush match,operations interview preparation,Improve practical answers and link to relevant role guides,"Keep scope to investment banking operations, not generic accounting"
494,finance resume for freshers,Interview & Employability,Informational/Commercial,MOFU,/resources/investment-banking-interview-questions/,P1,supporting,85,,,no exact Semrush match,operations interview preparation,Improve practical answers and link to relevant role guides,"Keep scope to investment banking operations, not generic accounting"
495,investment banking operations resume for freshers,Interview & Employability,Informational/Commercial,MOFU,/resources/investment-banking-interview-questions/,P1,supporting,85,,,no exact Semrush match,operations interview preparation,Improve practical answers and link to relevant role guides,"Keep scope to investment banking operations, not generic accounting"
496,KYC analyst resume for freshers,Interview & Employability,Informational/Commercial,MOFU,/resources/investment-banking-interview-questions/,P1,supporting,85,,,no exact Semrush match,operations interview preparation,Improve practical answers and link to relevant role guides,"Keep scope to investment banking operations, not generic accounting"
497,AML analyst resume for freshers,Interview & Employability,Informational/Commercial,MOFU,/resources/investment-banking-interview-questions/,P1,supporting,85,,,no exact Semrush match,operations interview preparation,Improve practical answers and link to relevant role guides,"Keep scope to investment banking operations, not generic accounting"
498,finance operations resume keywords,Interview & Employability,Informational/Commercial,MOFU,/resources/investment-banking-interview-questions/,P1,supporting,85,,,no exact Semrush match,operations interview preparation,Improve practical answers and link to relevant role guides,"Keep scope to investment banking operations, not generic accounting"
499,LinkedIn profile for finance freshers,Interview & Employability,Informational/Commercial,MOFU,/resources/investment-banking-interview-questions/,P1,supporting,85,,,no exact Semrush match,operations interview preparation,Improve practical answers and link to relevant role guides,"Keep scope to investment banking operations, not generic accounting"
500,how to prepare for investment banking operations interview,Interview & Employability,Informational/Commercial,MOFU,/resources/investment-banking-interview-questions/,P1,supporting,85,,,no exact Semrush match,operations interview preparation,Improve practical answers and link to relevant role guides,"Keep scope to investment banking operations, not generic accounting"
501,how to crack KYC analyst interview,Interview & Employability,Informational/Commercial,MOFU,/resources/investment-banking-interview-questions/,P1,supporting,85,,,no exact Semrush match,operations interview preparation,Improve practical answers and link to relevant role guides,"Keep scope to investment banking operations, not generic accounting"
502,how to crack AML analyst interview,Interview & Employability,Informational/Commercial,MOFU,/resources/investment-banking-interview-questions/,P1,supporting,85,,,no exact Semrush match,operations interview preparation,Improve practical answers and link to relevant role guides,"Keep scope to investment banking operations, not generic accounting"
503,finance course with mock interviews,Interview & Employability,Informational/Commercial,MOFU,/resources/investment-banking-interview-questions/,P1,supporting,85,,,no exact Semrush match,operations interview preparation,Improve practical answers and link to relevant role guides,"Keep scope to investment banking operations, not generic accounting"
504,finance course with resume building,Interview & Employability,Informational/Commercial,MOFU,/resources/investment-banking-interview-questions/,P1,supporting,85,,,no exact Semrush match,operations interview preparation,Improve practical answers and link to relevant role guides,"Keep scope to investment banking operations, not generic accounting"
505,finance course with placement support in India,Interview & Employability,Informational/Commercial,MOFU,/resources/investment-banking-interview-questions/,P1,supporting,85,,,no exact Semrush match,operations interview preparation,Improve practical answers and link to relevant role guides,"Keep scope to investment banking operations, not generic accounting"
506,investment banking course placement support India,Interview & Employability,Informational/Commercial,MOFU,/resources/investment-banking-interview-questions/,P1,supporting,85,,,no exact Semrush match,operations interview preparation,Improve practical answers and link to relevant role guides,"Keep scope to investment banking operations, not generic accounting"
203,finance operations career,Finance Operations & GCC,Informational,TOFU/MOFU,/career-guides/finance-operations/,P1,primary,82,,,no exact Semrush match,finance operations career guide,Clarify tasks and career fit for graduates,Keep informational intent distinct from the programme page
204,finance operations jobs,Finance Operations & GCC,Informational,TOFU/MOFU,/career-guides/finance-operations/,P1,supporting,82,,,no exact Semrush match,finance operations career guide,Clarify tasks and career fit for graduates,Keep informational intent distinct from the programme page
205,finance operations jobs in India,Finance Operations & GCC,Informational,TOFU/MOFU,/career-guides/finance-operations/,P1,supporting,82,,,no exact Semrush match,finance operations career guide,Clarify tasks and career fit for graduates,Keep informational intent distinct from the programme page
206,finance operations analyst,Finance Operations & GCC,Informational,TOFU/MOFU,/career-guides/finance-operations/,P1,supporting,82,,,no exact Semrush match,finance operations career guide,Clarify tasks and career fit for graduates,Keep informational intent distinct from the programme page
207,finance operations analyst salary India,Finance Operations & GCC,Informational,TOFU/MOFU,/career-guides/finance-operations/,P1,supporting,82,,,no exact Semrush match,finance operations career guide,Clarify tasks and career fit for graduates,Keep informational intent distinct from the programme page
208,finance operations analyst skills,Finance Operations & GCC,Informational,TOFU/MOFU,/career-guides/finance-operations/,P1,supporting,82,,,no exact Semrush match,finance operations career guide,Clarify tasks and career fit for graduates,Keep informational intent distinct from the programme page
209,finance operations analyst responsibilities,Finance Operations & GCC,Informational,TOFU/MOFU,/career-guides/finance-operations/,P1,supporting,82,,,no exact Semrush match,finance operations career guide,Clarify tasks and career fit for graduates,Keep informational intent distinct from the programme page
210,how to become finance operations analyst,Finance Operations & GCC,Informational,TOFU/MOFU,/career-guides/finance-operations/,P1,supporting,82,,,no exact Semrush match,finance operations career guide,Clarify tasks and career fit for graduates,Keep informational intent distinct from the programme page
211,global finance operations,Finance Operations & GCC,Informational,TOFU/MOFU,/career-guides/finance-operations/,P1,supporting,82,,,no exact Semrush match,finance operations career guide,Clarify tasks and career fit for graduates,Keep informational intent distinct from the programme page
212,global finance operations careers,Finance Operations & GCC,Informational,TOFU/MOFU,/career-guides/finance-operations/,P1,supporting,82,,,no exact Semrush match,finance operations career guide,Clarify tasks and career fit for graduates,Keep informational intent distinct from the programme page
213,financial operations analyst,Finance Operations & GCC,Informational,TOFU/MOFU,/career-guides/finance-operations/,P1,supporting,82,,,no exact Semrush match,finance operations career guide,Clarify tasks and career fit for graduates,Keep informational intent distinct from the programme page
214,financial operations analyst career,Finance Operations & GCC,Informational,TOFU/MOFU,/career-guides/finance-operations/,P1,supporting,82,,,no exact Semrush match,finance operations career guide,Clarify tasks and career fit for graduates,Keep informational intent distinct from the programme page
215,financial operations jobs,Finance Operations & GCC,Informational,TOFU/MOFU,/career-guides/finance-operations/,P1,supporting,82,,,no exact Semrush match,finance operations career guide,Clarify tasks and career fit for graduates,Keep informational intent distinct from the programme page
216,banking operations analyst,Finance Operations & GCC,Informational,TOFU/MOFU,/career-guides/finance-operations/,P1,supporting,82,,,no exact Semrush match,finance operations career guide,Clarify tasks and career fit for graduates,Keep informational intent distinct from the programme page
217,banking operations analyst career,Finance Operations & GCC,Informational,TOFU/MOFU,/career-guides/finance-operations/,P1,supporting,82,,,no exact Semrush match,finance operations career guide,Clarify tasks and career fit for graduates,Keep informational intent distinct from the programme page
218,banking operations analyst salary,Finance Operations & GCC,Informational,TOFU/MOFU,/career-guides/finance-operations/,P1,supporting,82,,,no exact Semrush match,finance operations career guide,Clarify tasks and career fit for graduates,Keep informational intent distinct from the programme page
219,BFSI operations jobs,Finance Operations & GCC,Informational,TOFU/MOFU,/career-guides/finance-operations/,P1,supporting,82,,,no exact Semrush match,finance operations career guide,Clarify tasks and career fit for graduates,Keep informational intent distinct from the programme page
220,BFSI operations career,Finance Operations & GCC,Informational,TOFU/MOFU,/career-guides/finance-operations/,P1,supporting,82,,,no exact Semrush match,finance operations career guide,Clarify tasks and career fit for graduates,Keep informational intent distinct from the programme page
221,BFSI jobs for freshers,Finance Operations & GCC,Informational,TOFU/MOFU,/career-guides/finance-operations/,P1,supporting,82,,,no exact Semrush match,finance operations career guide,Clarify tasks and career fit for graduates,Keep informational intent distinct from the programme page
222,GCC finance jobs India,Finance Operations & GCC,Informational,TOFU/MOFU,/career-guides/finance-operations/,P1,supporting,82,,,no exact Semrush match,finance operations career guide,Clarify tasks and career fit for graduates,Keep informational intent distinct from the programme page
223,GCC finance operations jobs,Finance Operations & GCC,Informational,TOFU/MOFU,/career-guides/finance-operations/,P1,supporting,82,,,no exact Semrush match,finance operations career guide,Clarify tasks and career fit for graduates,Keep informational intent distinct from the programme page
224,global capability centre finance jobs,Finance Operations & GCC,Informational,TOFU/MOFU,/career-guides/finance-operations/,P1,supporting,82,,,no exact Semrush match,finance operations career guide,Clarify tasks and career fit for graduates,Keep informational intent distinct from the programme page
225,KPO finance jobs India,Finance Operations & GCC,Informational,TOFU/MOFU,/career-guides/finance-operations/,P1,supporting,82,,,no exact Semrush match,finance operations career guide,Clarify tasks and career fit for graduates,Keep informational intent distinct from the programme page
226,KPO finance operations,Finance Operations & GCC,Informational,TOFU/MOFU,/career-guides/finance-operations/,P1,supporting,82,,,no exact Semrush match,finance operations career guide,Clarify tasks and career fit for graduates,Keep informational intent distinct from the programme page
227,shared services finance operations,Finance Operations & GCC,Informational,TOFU/MOFU,/career-guides/finance-operations/,P1,supporting,82,,,no exact Semrush match,finance operations career guide,Clarify tasks and career fit for graduates,Keep informational intent distinct from the programme page
228,finance operations jobs for BCom freshers,Finance Operations & GCC,Informational,TOFU/MOFU,/career-guides/finance-operations/,P1,supporting,82,,,no exact Semrush match,finance operations career guide,Clarify tasks and career fit for graduates,Keep informational intent distinct from the programme page
229,finance operations jobs for BBA freshers,Finance Operations & GCC,Informational,TOFU/MOFU,/career-guides/finance-operations/,P1,supporting,82,,,no exact Semrush match,finance operations career guide,Clarify tasks and career fit for graduates,Keep informational intent distinct from the programme page
230,finance operations jobs for MBA finance freshers,Finance Operations & GCC,Informational,TOFU/MOFU,/career-guides/finance-operations/,P1,supporting,82,,,no exact Semrush match,finance operations career guide,Clarify tasks and career fit for graduates,Keep informational intent distinct from the programme page
231,finance operations career after graduation,Finance Operations & GCC,Informational,TOFU/MOFU,/career-guides/finance-operations/,P1,supporting,82,,,no exact Semrush match,finance operations career guide,Clarify tasks and career fit for graduates,Keep informational intent distinct from the programme page
232,finance operations interview questions,Finance Operations & GCC,Informational,TOFU/MOFU,/career-guides/finance-operations/,P1,supporting,82,,,no exact Semrush match,finance operations career guide,Clarify tasks and career fit for graduates,Keep informational intent distinct from the programme page
233,finance operations skills for freshers,Finance Operations & GCC,Informational,TOFU/MOFU,/career-guides/finance-operations/,P1,supporting,82,,,no exact Semrush match,finance operations career guide,Clarify tasks and career fit for graduates,Keep informational intent distinct from the programme page
234,finance operations resume for freshers,Finance Operations & GCC,Informational,TOFU/MOFU,/career-guides/finance-operations/,P1,supporting,82,,,no exact Semrush match,finance operations career guide,Clarify tasks and career fit for graduates,Keep informational intent distinct from the programme page
235,finance operations job description,Finance Operations & GCC,Informational,TOFU/MOFU,/career-guides/finance-operations/,P1,supporting,82,,,no exact Semrush match,finance operations career guide,Clarify tasks and career fit for graduates,Keep informational intent distinct from the programme page
236,finance operations vs financial analyst,Finance Operations & GCC,Informational,TOFU/MOFU,/career-guides/finance-operations/,P1,supporting,82,,,no exact Semrush match,finance operations career guide,Clarify tasks and career fit for graduates,Keep informational intent distinct from the programme page
237,finance operations vs accounting,Finance Operations & GCC,Informational,TOFU/MOFU,/career-guides/finance-operations/,P1,supporting,82,,,no exact Semrush match,finance operations career guide,Clarify tasks and career fit for graduates,Keep informational intent distinct from the programme page
238,finance operations vs investment banking operations,Finance Operations & GCC,Informational,TOFU/MOFU,/career-guides/finance-operations/,P1,supporting,82,,,no exact Semrush match,finance operations career guide,Clarify tasks and career fit for graduates,Keep informational intent distinct from the programme page
370,investment banking operations analyst career,Role & Career,Informational,TOFU/MOFU,/career-guides/finance-operations/,P1,supporting,82,,,no exact Semrush match,finance operations career guide,Clarify tasks and career fit for graduates,Keep informational intent distinct from the programme page
371,investment banking operations analyst salary in India,Role & Career,Informational,TOFU/MOFU,/career-guides/finance-operations/,P1,supporting,82,,,no exact Semrush match,finance operations career guide,Clarify tasks and career fit for graduates,Keep informational intent distinct from the programme page
372,investment banking operations analyst roles and responsibilities,Role & Career,Informational,TOFU/MOFU,/career-guides/finance-operations/,P1,supporting,82,,,no exact Semrush match,finance operations career guide,Clarify tasks and career fit for graduates,Keep informational intent distinct from the programme page
373,investment banking operations analyst jobs for freshers,Role & Career,Informational,TOFU/MOFU,/career-guides/finance-operations/,P1,supporting,82,,,no exact Semrush match,finance operations career guide,Clarify tasks and career fit for graduates,Keep informational intent distinct from the programme page
374,investment banking operations analyst interview questions,Role & Career,Informational,TOFU/MOFU,/career-guides/finance-operations/,P1,supporting,82,,,no exact Semrush match,finance operations career guide,Clarify tasks and career fit for graduates,Keep informational intent distinct from the programme page
419,finance operations analyst career,Role & Career,Informational,TOFU/MOFU,/career-guides/finance-operations/,P1,supporting,82,,,no exact Semrush match,finance operations career guide,Clarify tasks and career fit for graduates,Keep informational intent distinct from the programme page
420,finance operations analyst salary in India,Role & Career,Informational,TOFU/MOFU,/career-guides/finance-operations/,P1,supporting,82,,,no exact Semrush match,finance operations career guide,Clarify tasks and career fit for graduates,Keep informational intent distinct from the programme page
421,finance operations analyst roles and responsibilities,Role & Career,Informational,TOFU/MOFU,/career-guides/finance-operations/,P1,supporting,82,,,no exact Semrush match,finance operations career guide,Clarify tasks and career fit for graduates,Keep informational intent distinct from the programme page
422,finance operations analyst jobs for freshers,Role & Career,Informational,TOFU/MOFU,/career-guides/finance-operations/,P1,supporting,82,,,no exact Semrush match,finance operations career guide,Clarify tasks and career fit for graduates,Keep informational intent distinct from the programme page
423,finance operations analyst interview questions,Role & Career,Informational,TOFU/MOFU,/career-guides/finance-operations/,P1,supporting,82,,,no exact Semrush match,finance operations career guide,Clarify tasks and career fit for graduates,Keep informational intent distinct from the programme page
424,banking operations analyst salary in India,Role & Career,Informational,TOFU/MOFU,/career-guides/finance-operations/,P1,supporting,82,,,no exact Semrush match,finance operations career guide,Clarify tasks and career fit for graduates,Keep informational intent distinct from the programme page
425,banking operations analyst roles and responsibilities,Role & Career,Informational,TOFU/MOFU,/career-guides/finance-operations/,P1,supporting,82,,,no exact Semrush match,finance operations career guide,Clarify tasks and career fit for graduates,Keep informational intent distinct from the programme page
426,how to become banking operations analyst,Role & Career,Informational,TOFU/MOFU,/career-guides/finance-operations/,P1,supporting,82,,,no exact Semrush match,finance operations career guide,Clarify tasks and career fit for graduates,Keep informational intent distinct from the programme page
427,banking operations analyst jobs for freshers,Role & Career,Informational,TOFU/MOFU,/career-guides/finance-operations/,P1,supporting,82,,,no exact Semrush match,finance operations career guide,Clarify tasks and career fit for graduates,Keep informational intent distinct from the programme page
428,banking operations analyst interview questions,Role & Career,Informational,TOFU/MOFU,/career-guides/finance-operations/,P1,supporting,82,,,no exact Semrush match,finance operations career guide,Clarify tasks and career fit for graduates,Keep informational intent distinct from the programme page
429,payments operations analyst career,Role & Career,Informational,TOFU/MOFU,/career-guides/finance-operations/,P1,supporting,82,,,no exact Semrush match,finance operations career guide,Clarify tasks and career fit for graduates,Keep informational intent distinct from the programme page
430,payments operations analyst salary in India,Role & Career,Informational,TOFU/MOFU,/career-guides/finance-operations/,P1,supporting,82,,,no exact Semrush match,finance operations career guide,Clarify tasks and career fit for graduates,Keep informational intent distinct from the programme page
431,payments operations analyst roles and responsibilities,Role & Career,Informational,TOFU/MOFU,/career-guides/finance-operations/,P1,supporting,82,,,no exact Semrush match,finance operations career guide,Clarify tasks and career fit for graduates,Keep informational intent distinct from the programme page
432,how to become payments operations analyst,Role & Career,Informational,TOFU/MOFU,/career-guides/finance-operations/,P1,supporting,82,,,no exact Semrush match,finance operations career guide,Clarify tasks and career fit for graduates,Keep informational intent distinct from the programme page
433,payments operations analyst jobs for freshers,Role & Career,Informational,TOFU/MOFU,/career-guides/finance-operations/,P1,supporting,82,,,no exact Semrush match,finance operations career guide,Clarify tasks and career fit for graduates,Keep informational intent distinct from the programme page
434,payments operations analyst interview questions,Role & Career,Informational,TOFU/MOFU,/career-guides/finance-operations/,P1,supporting,82,,,no exact Semrush match,finance operations career guide,Clarify tasks and career fit for graduates,Keep informational intent distinct from the programme page
687,which course is best for investment banking operations in India,Conversational / AI Search,Informational,TOFU/MOFU,/career-guides/financial-operations-faq/,P1,primary,78,,,no exact Semrush match,programme question guide,Answer common eligibility and learning-mode questions,Keep answers consistent with current published programme terms
688,which short term finance course can help me get a job,Conversational / AI Search,Informational,TOFU/MOFU,/career-guides/financial-operations-faq/,P1,supporting,78,,,no exact Semrush match,programme question guide,Answer common eligibility and learning-mode questions,Keep answers consistent with current published programme terms
689,what should I learn for investment banking operations jobs,Conversational / AI Search,Informational,TOFU/MOFU,/career-guides/financial-operations-faq/,P1,supporting,78,,,no exact Semrush match,programme question guide,Answer common eligibility and learning-mode questions,Keep answers consistent with current published programme terms
690,can a BCom graduate get into investment banking operations,Conversational / AI Search,Informational,TOFU/MOFU,/career-guides/financial-operations-faq/,P1,supporting,78,,,no exact Semrush match,programme question guide,Answer common eligibility and learning-mode questions,Keep answers consistent with current published programme terms
691,can a BBA graduate work in investment banking operations,Conversational / AI Search,Informational,TOFU/MOFU,/career-guides/financial-operations-faq/,P1,supporting,78,,,no exact Semrush match,programme question guide,Answer common eligibility and learning-mode questions,Keep answers consistent with current published programme terms
692,is KYC AML a good career for freshers,Conversational / AI Search,Informational,TOFU/MOFU,/career-guides/financial-operations-faq/,P1,supporting,78,,,no exact Semrush match,programme question guide,Answer common eligibility and learning-mode questions,Keep answers consistent with current published programme terms
693,is finance operations a good career in India,Conversational / AI Search,Informational,TOFU/MOFU,/career-guides/financial-operations-faq/,P1,supporting,78,,,no exact Semrush match,programme question guide,Answer common eligibility and learning-mode questions,Keep answers consistent with current published programme terms
694,what skills do banks look for in operations freshers,Conversational / AI Search,Informational,TOFU/MOFU,/career-guides/financial-operations-faq/,P1,supporting,78,,,no exact Semrush match,programme question guide,Answer common eligibility and learning-mode questions,Keep answers consistent with current published programme terms
695,what is the difference between investment banking and investment banking operations,Conversational / AI Search,Informational,TOFU/MOFU,/career-guides/financial-operations-faq/,P1,supporting,78,,,no exact Semrush match,programme question guide,Answer common eligibility and learning-mode questions,Keep answers consistent with current published programme terms
696,what is the difference between KYC analyst and AML analyst,Conversational / AI Search,Informational,TOFU/MOFU,/career-guides/financial-operations-faq/,P1,supporting,78,,,no exact Semrush match,programme question guide,Answer common eligibility and learning-mode questions,Keep answers consistent with current published programme terms
697,what is the difference between trade support and settlement analyst,Conversational / AI Search,Informational,TOFU/MOFU,/career-guides/financial-operations-faq/,P1,supporting,78,,,no exact Semrush match,programme question guide,Answer common eligibility and learning-mode questions,Keep answers consistent with current published programme terms
698,how long does it take to learn investment banking operations,Conversational / AI Search,Informational,TOFU/MOFU,/career-guides/financial-operations-faq/,P1,supporting,78,,,no exact Semrush match,programme question guide,Answer common eligibility and learning-mode questions,Keep answers consistent with current published programme terms
699,how much does an investment banking operations course cost in India,Conversational / AI Search,Informational,TOFU/MOFU,/career-guides/financial-operations-faq/,P1,supporting,78,,,no exact Semrush match,programme question guide,Answer common eligibility and learning-mode questions,Keep answers consistent with current published programme terms
700,what jobs can I get after investment banking operations training,Conversational / AI Search,Informational,TOFU/MOFU,/career-guides/financial-operations-faq/,P1,supporting,78,,,no exact Semrush match,programme question guide,Answer common eligibility and learning-mode questions,Keep answers consistent with current published programme terms
701,what jobs can I get after a KYC AML course,Conversational / AI Search,Informational,TOFU/MOFU,/career-guides/financial-operations-faq/,P1,supporting,78,,,no exact Semrush match,programme question guide,Answer common eligibility and learning-mode questions,Keep answers consistent with current published programme terms
702,what finance jobs can I get after BCom without MBA,Conversational / AI Search,Informational,TOFU/MOFU,/career-guides/financial-operations-faq/,P1,supporting,78,,,no exact Semrush match,programme question guide,Answer common eligibility and learning-mode questions,Keep answers consistent with current published programme terms
703,what are the best finance careers after graduation,Conversational / AI Search,Informational,TOFU/MOFU,/career-guides/financial-operations-faq/,P1,supporting,78,,,no exact Semrush match,programme question guide,Answer common eligibility and learning-mode questions,Keep answers consistent with current published programme terms
704,what is the easiest way to enter BFSI operations,Conversational / AI Search,Informational,TOFU/MOFU,/career-guides/financial-operations-faq/,P1,supporting,78,,,no exact Semrush match,programme question guide,Answer common eligibility and learning-mode questions,Keep answers consistent with current published programme terms
705,do I need CFA for investment banking operations,Conversational / AI Search,Informational,TOFU/MOFU,/career-guides/financial-operations-faq/,P1,supporting,78,,,no exact Semrush match,programme question guide,Answer common eligibility and learning-mode questions,Keep answers consistent with current published programme terms
706,do I need MBA for investment banking operations,Conversational / AI Search,Informational,TOFU/MOFU,/career-guides/financial-operations-faq/,P1,supporting,78,,,no exact Semrush match,programme question guide,Answer common eligibility and learning-mode questions,Keep answers consistent with current published programme terms
707,can I learn investment banking operations online,Conversational / AI Search,Informational,TOFU/MOFU,/career-guides/financial-operations-faq/,P1,supporting,78,,,no exact Semrush match,programme question guide,Answer common eligibility and learning-mode questions,Keep answers consistent with current published programme terms
708,where can I learn investment banking operations in Lucknow,Conversational / AI Search,Informational,TOFU/MOFU,/career-guides/financial-operations-faq/,P1,supporting,78,,,no exact Semrush match,programme question guide,Answer common eligibility and learning-mode questions,Keep answers consistent with current published programme terms
709,which finance course is best under 50000,Conversational / AI Search,Informational,TOFU/MOFU,/career-guides/financial-operations-faq/,P1,supporting,78,,,no exact Semrush match,programme question guide,Answer common eligibility and learning-mode questions,Keep answers consistent with current published programme terms
710,which finance course includes KYC AML and investment banking operations,Conversational / AI Search,Informational,TOFU/MOFU,/career-guides/financial-operations-faq/,P1,supporting,78,,,no exact Semrush match,programme question guide,Answer common eligibility and learning-mode questions,Keep answers consistent with current published programme terms
711,which course teaches trade lifecycle settlements and reconciliation,Conversational / AI Search,Informational,TOFU/MOFU,/career-guides/financial-operations-faq/,P1,supporting,78,,,no exact Semrush match,programme question guide,Answer common eligibility and learning-mode questions,Keep answers consistent with current published programme terms
712,which course teaches digital payments and finance operations,Conversational / AI Search,Informational,TOFU/MOFU,/career-guides/financial-operations-faq/,P1,supporting,78,,,no exact Semrush match,programme question guide,Answer common eligibility and learning-mode questions,Keep answers consistent with current published programme terms
713,how to prepare for a KYC analyst interview,Conversational / AI Search,Informational,TOFU/MOFU,/career-guides/financial-operations-faq/,P1,supporting,78,,,no exact Semrush match,programme question guide,Answer common eligibility and learning-mode questions,Keep answers consistent with current published programme terms
714,how to prepare for an investment banking operations interview,Conversational / AI Search,Informational,TOFU/MOFU,/career-guides/financial-operations-faq/,P1,supporting,78,,,no exact Semrush match,programme question guide,Answer common eligibility and learning-mode questions,Keep answers consistent with current published programme terms
715,what is a trade lifecycle in simple words,Conversational / AI Search,Informational,TOFU/MOFU,/career-guides/financial-operations-faq/,P1,supporting,78,,,no exact Semrush match,programme question guide,Answer common eligibility and learning-mode questions,Keep answers consistent with current published programme terms
716,what does a finance operations analyst do daily,Conversational / AI Search,Informational,TOFU/MOFU,/career-guides/financial-operations-faq/,P1,supporting,78,,,no exact Semrush match,programme question guide,Answer common eligibility and learning-mode questions,Keep answers consistent with current published programme terms
579,investment banking course in Chennai,Local / Regional,Local Transactional,BOFU,/india/,P1,supporting,72,,,no exact Semrush match,national access and study-mode hub,Explain live online access across India and link to the single programme,Avoid duplicating the programme sales page or claiming national classrooms
580,investment banking operations course in Chennai,Local / Regional,Local Transactional,BOFU,/india/,P1,supporting,72,,,no exact Semrush match,national access and study-mode hub,Explain live online access across India and link to the single programme,Avoid duplicating the programme sales page or claiming national classrooms
581,investment banking classes in Chennai,Local / Regional,Local Transactional,BOFU,/india/,P1,supporting,72,,,no exact Semrush match,national access and study-mode hub,Explain live online access across India and link to the single programme,Avoid duplicating the programme sales page or claiming national classrooms
582,investment banking institute in Chennai,Local / Regional,Local Transactional,BOFU,/india/,P1,supporting,72,,,no exact Semrush match,national access and study-mode hub,Explain live online access across India and link to the single programme,Avoid duplicating the programme sales page or claiming national classrooms
583,finance operations course in Chennai,Local / Regional,Local Transactional,BOFU,/india/,P1,supporting,72,,,no exact Semrush match,national access and study-mode hub,Explain live online access across India and link to the single programme,Avoid duplicating the programme sales page or claiming national classrooms
584,KYC AML course in Chennai,Local / Regional,Local Transactional,BOFU,/india/,P1,supporting,72,,,no exact Semrush match,national access and study-mode hub,Explain live online access across India and link to the single programme,Avoid duplicating the programme sales page or claiming national classrooms
585,finance course with placement assistance in Chennai,Local / Regional,Local Transactional,BOFU,/india/,P1,supporting,72,,,no exact Semrush match,national access and study-mode hub,Explain live online access across India and link to the single programme,Avoid duplicating the programme sales page or claiming national classrooms
586,best investment banking course in Chennai,Local / Regional,Local Transactional,BOFU,/india/,P1,supporting,72,,,no exact Semrush match,national access and study-mode hub,Explain live online access across India and link to the single programme,Avoid duplicating the programme sales page or claiming national classrooms
587,investment banking course in Kolkata,Local / Regional,Local Transactional,BOFU,/india/,P1,supporting,72,,,no exact Semrush match,national access and study-mode hub,Explain live online access across India and link to the single programme,Avoid duplicating the programme sales page or claiming national classrooms
588,investment banking operations course in Kolkata,Local / Regional,Local Transactional,BOFU,/india/,P1,supporting,72,,,no exact Semrush match,national access and study-mode hub,Explain live online access across India and link to the single programme,Avoid duplicating the programme sales page or claiming national classrooms
589,investment banking classes in Kolkata,Local / Regional,Local Transactional,BOFU,/india/,P1,supporting,72,,,no exact Semrush match,national access and study-mode hub,Explain live online access across India and link to the single programme,Avoid duplicating the programme sales page or claiming national classrooms
590,investment banking institute in Kolkata,Local / Regional,Local Transactional,BOFU,/india/,P1,supporting,72,,,no exact Semrush match,national access and study-mode hub,Explain live online access across India and link to the single programme,Avoid duplicating the programme sales page or claiming national classrooms
591,finance operations course in Kolkata,Local / Regional,Local Transactional,BOFU,/india/,P1,supporting,72,,,no exact Semrush match,national access and study-mode hub,Explain live online access across India and link to the single programme,Avoid duplicating the programme sales page or claiming national classrooms
592,KYC AML course in Kolkata,Local / Regional,Local Transactional,BOFU,/india/,P1,supporting,72,,,no exact Semrush match,national access and study-mode hub,Explain live online access across India and link to the single programme,Avoid duplicating the programme sales page or claiming national classrooms
593,finance course with placement assistance in Kolkata,Local / Regional,Local Transactional,BOFU,/india/,P1,supporting,72,,,no exact Semrush match,national access and study-mode hub,Explain live online access across India and link to the single programme,Avoid duplicating the programme sales page or claiming national classrooms
594,best investment banking course in Kolkata,Local / Regional,Local Transactional,BOFU,/india/,P1,supporting,72,,,no exact Semrush match,national access and study-mode hub,Explain live online access across India and link to the single programme,Avoid duplicating the programme sales page or claiming national classrooms
595,investment banking course in Ahmedabad,Local / Regional,Local Transactional,BOFU,/india/,P1,supporting,72,,,no exact Semrush match,national access and study-mode hub,Explain live online access across India and link to the single programme,Avoid duplicating the programme sales page or claiming national classrooms
596,investment banking operations course in Ahmedabad,Local / Regional,Local Transactional,BOFU,/india/,P1,supporting,72,,,no exact Semrush match,national access and study-mode hub,Explain live online access across India and link to the single programme,Avoid duplicating the programme sales page or claiming national classrooms
597,investment banking classes in Ahmedabad,Local / Regional,Local Transactional,BOFU,/india/,P1,supporting,72,,,no exact Semrush match,national access and study-mode hub,Explain live online access across India and link to the single programme,Avoid duplicating the programme sales page or claiming national classrooms
598,investment banking institute in Ahmedabad,Local / Regional,Local Transactional,BOFU,/india/,P1,supporting,72,,,no exact Semrush match,national access and study-mode hub,Explain live online access across India and link to the single programme,Avoid duplicating the programme sales page or claiming national classrooms
599,finance operations course in Ahmedabad,Local / Regional,Local Transactional,BOFU,/india/,P1,supporting,72,,,no exact Semrush match,national access and study-mode hub,Explain live online access across India and link to the single programme,Avoid duplicating the programme sales page or claiming national classrooms
600,KYC AML course in Ahmedabad,Local / Regional,Local Transactional,BOFU,/india/,P1,supporting,72,,,no exact Semrush match,national access and study-mode hub,Explain live online access across India and link to the single programme,Avoid duplicating the programme sales page or claiming national classrooms
601,finance course with placement assistance in Ahmedabad,Local / Regional,Local Transactional,BOFU,/india/,P1,supporting,72,,,no exact Semrush match,national access and study-mode hub,Explain live online access across India and link to the single programme,Avoid duplicating the programme sales page or claiming national classrooms
602,best investment banking course in Ahmedabad,Local / Regional,Local Transactional,BOFU,/india/,P1,supporting,72,,,no exact Semrush match,national access and study-mode hub,Explain live online access across India and link to the single programme,Avoid duplicating the programme sales page or claiming national classrooms
603,investment banking course in Jaipur,Local / Regional,Local Transactional,BOFU,/india/,P1,supporting,72,,,no exact Semrush match,national access and study-mode hub,Explain live online access across India and link to the single programme,Avoid duplicating the programme sales page or claiming national classrooms
604,investment banking operations course in Jaipur,Local / Regional,Local Transactional,BOFU,/india/,P1,supporting,72,,,no exact Semrush match,national access and study-mode hub,Explain live online access across India and link to the single programme,Avoid duplicating the programme sales page or claiming national classrooms
605,investment banking classes in Jaipur,Local / Regional,Local Transactional,BOFU,/india/,P1,supporting,72,,,no exact Semrush match,national access and study-mode hub,Explain live online access across India and link to the single programme,Avoid duplicating the programme sales page or claiming national classrooms
606,investment banking institute in Jaipur,Local / Regional,Local Transactional,BOFU,/india/,P1,supporting,72,,,no exact Semrush match,national access and study-mode hub,Explain live online access across India and link to the single programme,Avoid duplicating the programme sales page or claiming national classrooms
607,finance operations course in Jaipur,Local / Regional,Local Transactional,BOFU,/india/,P1,supporting,72,,,no exact Semrush match,national access and study-mode hub,Explain live online access across India and link to the single programme,Avoid duplicating the programme sales page or claiming national classrooms
608,KYC AML course in Jaipur,Local / Regional,Local Transactional,BOFU,/india/,P1,supporting,72,,,no exact Semrush match,national access and study-mode hub,Explain live online access across India and link to the single programme,Avoid duplicating the programme sales page or claiming national classrooms
609,finance course with placement assistance in Jaipur,Local / Regional,Local Transactional,BOFU,/india/,P1,supporting,72,,,no exact Semrush match,national access and study-mode hub,Explain live online access across India and link to the single programme,Avoid duplicating the programme sales page or claiming national classrooms
610,best investment banking course in Jaipur,Local / Regional,Local Transactional,BOFU,/india/,P1,supporting,72,,,no exact Semrush match,national access and study-mode hub,Explain live online access across India and link to the single programme,Avoid duplicating the programme sales page or claiming national classrooms
611,investment banking course in Patna,Local / Regional,Local Transactional,BOFU,/india/,P1,supporting,72,,,no exact Semrush match,national access and study-mode hub,Explain live online access across India and link to the single programme,Avoid duplicating the programme sales page or claiming national classrooms
612,investment banking operations course in Patna,Local / Regional,Local Transactional,BOFU,/india/,P1,supporting,72,,,no exact Semrush match,national access and study-mode hub,Explain live online access across India and link to the single programme,Avoid duplicating the programme sales page or claiming national classrooms
613,investment banking classes in Patna,Local / Regional,Local Transactional,BOFU,/india/,P1,supporting,72,,,no exact Semrush match,national access and study-mode hub,Explain live online access across India and link to the single programme,Avoid duplicating the programme sales page or claiming national classrooms
614,investment banking institute in Patna,Local / Regional,Local Transactional,BOFU,/india/,P1,supporting,72,,,no exact Semrush match,national access and study-mode hub,Explain live online access across India and link to the single programme,Avoid duplicating the programme sales page or claiming national classrooms
615,finance operations course in Patna,Local / Regional,Local Transactional,BOFU,/india/,P1,supporting,72,,,no exact Semrush match,national access and study-mode hub,Explain live online access across India and link to the single programme,Avoid duplicating the programme sales page or claiming national classrooms
616,KYC AML course in Patna,Local / Regional,Local Transactional,BOFU,/india/,P1,supporting,72,,,no exact Semrush match,national access and study-mode hub,Explain live online access across India and link to the single programme,Avoid duplicating the programme sales page or claiming national classrooms
617,finance course with placement assistance in Patna,Local / Regional,Local Transactional,BOFU,/india/,P1,supporting,72,,,no exact Semrush match,national access and study-mode hub,Explain live online access across India and link to the single programme,Avoid duplicating the programme sales page or claiming national classrooms
618,best investment banking course in Patna,Local / Regional,Local Transactional,BOFU,/india/,P1,supporting,72,,,no exact Semrush match,national access and study-mode hub,Explain live online access across India and link to the single programme,Avoid duplicating the programme sales page or claiming national classrooms
619,investment banking course in Bhubaneswar,Local / Regional,Local Transactional,BOFU,/india/,P1,supporting,72,,,no exact Semrush match,national access and study-mode hub,Explain live online access across India and link to the single programme,Avoid duplicating the programme sales page or claiming national classrooms
620,investment banking operations course in Bhubaneswar,Local / Regional,Local Transactional,BOFU,/india/,P1,supporting,72,,,no exact Semrush match,national access and study-mode hub,Explain live online access across India and link to the single programme,Avoid duplicating the programme sales page or claiming national classrooms
621,investment banking classes in Bhubaneswar,Local / Regional,Local Transactional,BOFU,/india/,P1,supporting,72,,,no exact Semrush match,national access and study-mode hub,Explain live online access across India and link to the single programme,Avoid duplicating the programme sales page or claiming national classrooms
622,investment banking institute in Bhubaneswar,Local / Regional,Local Transactional,BOFU,/india/,P1,supporting,72,,,no exact Semrush match,national access and study-mode hub,Explain live online access across India and link to the single programme,Avoid duplicating the programme sales page or claiming national classrooms
623,finance operations course in Bhubaneswar,Local / Regional,Local Transactional,BOFU,/india/,P1,supporting,72,,,no exact Semrush match,national access and study-mode hub,Explain live online access across India and link to the single programme,Avoid duplicating the programme sales page or claiming national classrooms
624,KYC AML course in Bhubaneswar,Local / Regional,Local Transactional,BOFU,/india/,P1,supporting,72,,,no exact Semrush match,national access and study-mode hub,Explain live online access across India and link to the single programme,Avoid duplicating the programme sales page or claiming national classrooms
625,finance course with placement assistance in Bhubaneswar,Local / Regional,Local Transactional,BOFU,/india/,P1,supporting,72,,,no exact Semrush match,national access and study-mode hub,Explain live online access across India and link to the single programme,Avoid duplicating the programme sales page or claiming national classrooms
626,best investment banking course in Bhubaneswar,Local / Regional,Local Transactional,BOFU,/india/,P1,supporting,72,,,no exact Semrush match,national access and study-mode hub,Explain live online access across India and link to the single programme,Avoid duplicating the programme sales page or claiming national classrooms
627,investment banking course in Kochi,Local / Regional,Local Transactional,BOFU,/india/,P1,supporting,72,,,no exact Semrush match,national access and study-mode hub,Explain live online access across India and link to the single programme,Avoid duplicating the programme sales page or claiming national classrooms
628,investment banking operations course in Kochi,Local / Regional,Local Transactional,BOFU,/india/,P1,supporting,72,,,no exact Semrush match,national access and study-mode hub,Explain live online access across India and link to the single programme,Avoid duplicating the programme sales page or claiming national classrooms
629,investment banking classes in Kochi,Local / Regional,Local Transactional,BOFU,/india/,P1,supporting,72,,,no exact Semrush match,national access and study-mode hub,Explain live online access across India and link to the single programme,Avoid duplicating the programme sales page or claiming national classrooms
630,investment banking institute in Kochi,Local / Regional,Local Transactional,BOFU,/india/,P1,supporting,72,,,no exact Semrush match,national access and study-mode hub,Explain live online access across India and link to the single programme,Avoid duplicating the programme sales page or claiming national classrooms
631,finance operations course in Kochi,Local / Regional,Local Transactional,BOFU,/india/,P1,supporting,72,,,no exact Semrush match,national access and study-mode hub,Explain live online access across India and link to the single programme,Avoid duplicating the programme sales page or claiming national classrooms
632,KYC AML course in Kochi,Local / Regional,Local Transactional,BOFU,/india/,P1,supporting,72,,,no exact Semrush match,national access and study-mode hub,Explain live online access across India and link to the single programme,Avoid duplicating the programme sales page or claiming national classrooms
633,finance course with placement assistance in Kochi,Local / Regional,Local Transactional,BOFU,/india/,P1,supporting,72,,,no exact Semrush match,national access and study-mode hub,Explain live online access across India and link to the single programme,Avoid duplicating the programme sales page or claiming national classrooms
634,best investment banking course in Kochi,Local / Regional,Local Transactional,BOFU,/india/,P1,supporting,72,,,no exact Semrush match,national access and study-mode hub,Explain live online access across India and link to the single programme,Avoid duplicating the programme sales page or claiming national classrooms
635,investment banking course in Chandigarh,Local / Regional,Local Transactional,BOFU,/india/,P1,supporting,72,,,no exact Semrush match,national access and study-mode hub,Explain live online access across India and link to the single programme,Avoid duplicating the programme sales page or claiming national classrooms
636,investment banking operations course in Chandigarh,Local / Regional,Local Transactional,BOFU,/india/,P1,supporting,72,,,no exact Semrush match,national access and study-mode hub,Explain live online access across India and link to the single programme,Avoid duplicating the programme sales page or claiming national classrooms
637,investment banking classes in Chandigarh,Local / Regional,Local Transactional,BOFU,/india/,P1,supporting,72,,,no exact Semrush match,national access and study-mode hub,Explain live online access across India and link to the single programme,Avoid duplicating the programme sales page or claiming national classrooms
638,investment banking institute in Chandigarh,Local / Regional,Local Transactional,BOFU,/india/,P1,supporting,72,,,no exact Semrush match,national access and study-mode hub,Explain live online access across India and link to the single programme,Avoid duplicating the programme sales page or claiming national classrooms
639,finance operations course in Chandigarh,Local / Regional,Local Transactional,BOFU,/india/,P1,supporting,72,,,no exact Semrush match,national access and study-mode hub,Explain live online access across India and link to the single programme,Avoid duplicating the programme sales page or claiming national classrooms
640,KYC AML course in Chandigarh,Local / Regional,Local Transactional,BOFU,/india/,P1,supporting,72,,,no exact Semrush match,national access and study-mode hub,Explain live online access across India and link to the single programme,Avoid duplicating the programme sales page or claiming national classrooms
641,finance course with placement assistance in Chandigarh,Local / Regional,Local Transactional,BOFU,/india/,P1,supporting,72,,,no exact Semrush match,national access and study-mode hub,Explain live online access across India and link to the single programme,Avoid duplicating the programme sales page or claiming national classrooms
642,best investment banking course in Chandigarh,Local / Regional,Local Transactional,BOFU,/india/,P1,supporting,72,,,no exact Semrush match,national access and study-mode hub,Explain live online access across India and link to the single programme,Avoid duplicating the programme sales page or claiming national classrooms
643,investment banking course in Indore,Local / Regional,Local Transactional,BOFU,/india/,P1,supporting,72,,,no exact Semrush match,national access and study-mode hub,Explain live online access across India and link to the single programme,Avoid duplicating the programme sales page or claiming national classrooms
644,investment banking operations course in Indore,Local / Regional,Local Transactional,BOFU,/india/,P1,supporting,72,,,no exact Semrush match,national access and study-mode hub,Explain live online access across India and link to the single programme,Avoid duplicating the programme sales page or claiming national classrooms
645,investment banking classes in Indore,Local / Regional,Local Transactional,BOFU,/india/,P1,supporting,72,,,no exact Semrush match,national access and study-mode hub,Explain live online access across India and link to the single programme,Avoid duplicating the programme sales page or claiming national classrooms
646,investment banking institute in Indore,Local / Regional,Local Transactional,BOFU,/india/,P1,supporting,72,,,no exact Semrush match,national access and study-mode hub,Explain live online access across India and link to the single programme,Avoid duplicating the programme sales page or claiming national classrooms
647,finance operations course in Indore,Local / Regional,Local Transactional,BOFU,/india/,P1,supporting,72,,,no exact Semrush match,national access and study-mode hub,Explain live online access across India and link to the single programme,Avoid duplicating the programme sales page or claiming national classrooms
648,KYC AML course in Indore,Local / Regional,Local Transactional,BOFU,/india/,P1,supporting,72,,,no exact Semrush match,national access and study-mode hub,Explain live online access across India and link to the single programme,Avoid duplicating the programme sales page or claiming national classrooms
649,finance course with placement assistance in Indore,Local / Regional,Local Transactional,BOFU,/india/,P1,supporting,72,,,no exact Semrush match,national access and study-mode hub,Explain live online access across India and link to the single programme,Avoid duplicating the programme sales page or claiming national classrooms
650,best investment banking course in Indore,Local / Regional,Local Transactional,BOFU,/india/,P1,supporting,72,,,no exact Semrush match,national access and study-mode hub,Explain live online access across India and link to the single programme,Avoid duplicating the programme sales page or claiming national classrooms
651,investment banking course in Nagpur,Local / Regional,Local Transactional,BOFU,/india/,P1,supporting,72,,,no exact Semrush match,national access and study-mode hub,Explain live online access across India and link to the single programme,Avoid duplicating the programme sales page or claiming national classrooms
652,investment banking operations course in Nagpur,Local / Regional,Local Transactional,BOFU,/india/,P1,supporting,72,,,no exact Semrush match,national access and study-mode hub,Explain live online access across India and link to the single programme,Avoid duplicating the programme sales page or claiming national classrooms
653,investment banking classes in Nagpur,Local / Regional,Local Transactional,BOFU,/india/,P1,supporting,72,,,no exact Semrush match,national access and study-mode hub,Explain live online access across India and link to the single programme,Avoid duplicating the programme sales page or claiming national classrooms
654,investment banking institute in Nagpur,Local / Regional,Local Transactional,BOFU,/india/,P1,supporting,72,,,no exact Semrush match,national access and study-mode hub,Explain live online access across India and link to the single programme,Avoid duplicating the programme sales page or claiming national classrooms
655,finance operations course in Nagpur,Local / Regional,Local Transactional,BOFU,/india/,P1,supporting,72,,,no exact Semrush match,national access and study-mode hub,Explain live online access across India and link to the single programme,Avoid duplicating the programme sales page or claiming national classrooms
656,KYC AML course in Nagpur,Local / Regional,Local Transactional,BOFU,/india/,P1,supporting,72,,,no exact Semrush match,national access and study-mode hub,Explain live online access across India and link to the single programme,Avoid duplicating the programme sales page or claiming national classrooms
657,finance course with placement assistance in Nagpur,Local / Regional,Local Transactional,BOFU,/india/,P1,supporting,72,,,no exact Semrush match,national access and study-mode hub,Explain live online access across India and link to the single programme,Avoid duplicating the programme sales page or claiming national classrooms
658,best investment banking course in Nagpur,Local / Regional,Local Transactional,BOFU,/india/,P1,supporting,72,,,no exact Semrush match,national access and study-mode hub,Explain live online access across India and link to the single programme,Avoid duplicating the programme sales page or claiming national classrooms
659,investment banking course in Dehradun,Local / Regional,Local Transactional,BOFU,/india/,P1,supporting,72,,,no exact Semrush match,national access and study-mode hub,Explain live online access across India and link to the single programme,Avoid duplicating the programme sales page or claiming national classrooms
660,investment banking operations course in Dehradun,Local / Regional,Local Transactional,BOFU,/india/,P1,supporting,72,,,no exact Semrush match,national access and study-mode hub,Explain live online access across India and link to the single programme,Avoid duplicating the programme sales page or claiming national classrooms
661,investment banking classes in Dehradun,Local / Regional,Local Transactional,BOFU,/india/,P1,supporting,72,,,no exact Semrush match,national access and study-mode hub,Explain live online access across India and link to the single programme,Avoid duplicating the programme sales page or claiming national classrooms
662,investment banking institute in Dehradun,Local / Regional,Local Transactional,BOFU,/india/,P1,supporting,72,,,no exact Semrush match,national access and study-mode hub,Explain live online access across India and link to the single programme,Avoid duplicating the programme sales page or claiming national classrooms
663,finance operations course in Dehradun,Local / Regional,Local Transactional,BOFU,/india/,P1,supporting,72,,,no exact Semrush match,national access and study-mode hub,Explain live online access across India and link to the single programme,Avoid duplicating the programme sales page or claiming national classrooms
664,KYC AML course in Dehradun,Local / Regional,Local Transactional,BOFU,/india/,P1,supporting,72,,,no exact Semrush match,national access and study-mode hub,Explain live online access across India and link to the single programme,Avoid duplicating the programme sales page or claiming national classrooms
665,finance course with placement assistance in Dehradun,Local / Regional,Local Transactional,BOFU,/india/,P1,supporting,72,,,no exact Semrush match,national access and study-mode hub,Explain live online access across India and link to the single programme,Avoid duplicating the programme sales page or claiming national classrooms
666,best investment banking course in Dehradun,Local / Regional,Local Transactional,BOFU,/india/,P1,supporting,72,,,no exact Semrush match,national access and study-mode hub,Explain live online access across India and link to the single programme,Avoid duplicating the programme sales page or claiming national classrooms
717,Imarticus investment banking course alternative,Competitor Comparison,Commercial Investigation,MOFU,/compare/investment-banking-operations-courses/,P1,primary,65,,,no exact Semrush match,factual course comparison,Review competitor facts and explain scope and delivery clearly,Date and source every mutable competitor claim
718,Imarticus CIBOP alternative,Competitor Comparison,Commercial Investigation,MOFU,/compare/investment-banking-operations-courses/,P1,supporting,65,,,no exact Semrush match,factual course comparison,Review competitor facts and explain scope and delivery clearly,Date and source every mutable competitor claim
719,Imarticus vs other investment banking courses,Competitor Comparison,Commercial Investigation,MOFU,/compare/investment-banking-operations-courses/,P1,supporting,65,,,no exact Semrush match,factual course comparison,Review competitor facts and explain scope and delivery clearly,Date and source every mutable competitor claim
720,Proschool investment banking alternative,Competitor Comparison,Commercial Investigation,MOFU,/compare/investment-banking-operations-courses/,P1,supporting,65,,,no exact Semrush match,factual course comparison,Review competitor facts and explain scope and delivery clearly,Date and source every mutable competitor claim
721,IMS Proschool investment banking course alternative,Competitor Comparison,Commercial Investigation,MOFU,/compare/investment-banking-operations-courses/,P1,supporting,65,,,no exact Semrush match,factual course comparison,Review competitor facts and explain scope and delivery clearly,Date and source every mutable competitor claim
722,Proschool vs Imarticus investment banking,Competitor Comparison,Commercial Investigation,MOFU,/compare/investment-banking-operations-courses/,P1,supporting,65,,,no exact Semrush match,factual course comparison,Review competitor facts and explain scope and delivery clearly,Date and source every mutable competitor claim
723,upGrad investment banking operations alternative,Competitor Comparison,Commercial Investigation,MOFU,/compare/investment-banking-operations-courses/,P1,supporting,65,,,no exact Semrush match,factual course comparison,Review competitor facts and explain scope and delivery clearly,Date and source every mutable competitor claim
724,TimesPro investment banking operations alternative,Competitor Comparison,Commercial Investigation,MOFU,/compare/investment-banking-operations-courses/,P1,supporting,65,,,no exact Semrush match,factual course comparison,Review competitor facts and explain scope and delivery clearly,Date and source every mutable competitor claim
725,MentorMeCareers investment banking alternative,Competitor Comparison,Commercial Investigation,MOFU,/compare/investment-banking-operations-courses/,P1,supporting,65,,,no exact Semrush match,factual course comparison,Review competitor facts and explain scope and delivery clearly,Date and source every mutable competitor claim
726,SmartSteps finance operations alternative,Competitor Comparison,Commercial Investigation,MOFU,/compare/investment-banking-operations-courses/,P1,supporting,65,,,no exact Semrush match,factual course comparison,Review competitor facts and explain scope and delivery clearly,Date and source every mutable competitor claim
727,best alternatives to Imarticus CIBOP,Competitor Comparison,Commercial Investigation,MOFU,/compare/investment-banking-operations-courses/,P1,supporting,65,,,no exact Semrush match,factual course comparison,Review competitor facts and explain scope and delivery clearly,Date and source every mutable competitor claim
728,best alternatives to Proschool investment banking course,Competitor Comparison,Commercial Investigation,MOFU,/compare/investment-banking-operations-courses/,P1,supporting,65,,,no exact Semrush match,factual course comparison,Review competitor facts and explain scope and delivery clearly,Date and source every mutable competitor claim
515,investment banking course in Delhi,Local / Regional,Local Transactional,BOFU,/india/delhi-ncr/,P2,primary,88,,,no exact Semrush match,regional online-access guide,Review page-level GSC demand before a focused update,Live online outside Lucknow; no Delhi classroom claim
516,investment banking operations course in Delhi,Local / Regional,Local Transactional,BOFU,/india/delhi-ncr/,P2,supporting,88,,,no exact Semrush match,regional online-access guide,Review page-level GSC demand before a focused update,Live online outside Lucknow; no Delhi classroom claim
517,investment banking classes in Delhi,Local / Regional,Local Transactional,BOFU,/india/delhi-ncr/,P2,supporting,88,,,no exact Semrush match,regional online-access guide,Review page-level GSC demand before a focused update,Live online outside Lucknow; no Delhi classroom claim
518,investment banking institute in Delhi,Local / Regional,Local Transactional,BOFU,/india/delhi-ncr/,P2,supporting,88,,,no exact Semrush match,regional online-access guide,Review page-level GSC demand before a focused update,Live online outside Lucknow; no Delhi classroom claim
519,finance operations course in Delhi,Local / Regional,Local Transactional,BOFU,/india/delhi-ncr/,P2,supporting,88,,,no exact Semrush match,regional online-access guide,Review page-level GSC demand before a focused update,Live online outside Lucknow; no Delhi classroom claim
520,KYC AML course in Delhi,Local / Regional,Local Transactional,BOFU,/india/delhi-ncr/,P2,supporting,88,,,no exact Semrush match,regional online-access guide,Review page-level GSC demand before a focused update,Live online outside Lucknow; no Delhi classroom claim
521,finance course with placement assistance in Delhi,Local / Regional,Local Transactional,BOFU,/india/delhi-ncr/,P2,supporting,88,,,no exact Semrush match,regional online-access guide,Review page-level GSC demand before a focused update,Live online outside Lucknow; no Delhi classroom claim
522,best investment banking course in Delhi,Local / Regional,Local Transactional,BOFU,/india/delhi-ncr/,P2,supporting,88,,,no exact Semrush match,regional online-access guide,Review page-level GSC demand before a focused update,Live online outside Lucknow; no Delhi classroom claim
523,investment banking course in Noida,Local / Regional,Local Transactional,BOFU,/india/delhi-ncr/,P2,supporting,88,,,no exact Semrush match,regional online-access guide,Review page-level GSC demand before a focused update,Live online outside Lucknow; no Delhi classroom claim
524,investment banking operations course in Noida,Local / Regional,Local Transactional,BOFU,/india/delhi-ncr/,P2,supporting,88,,,no exact Semrush match,regional online-access guide,Review page-level GSC demand before a focused update,Live online outside Lucknow; no Delhi classroom claim
525,investment banking classes in Noida,Local / Regional,Local Transactional,BOFU,/india/delhi-ncr/,P2,supporting,88,,,no exact Semrush match,regional online-access guide,Review page-level GSC demand before a focused update,Live online outside Lucknow; no Delhi classroom claim
526,investment banking institute in Noida,Local / Regional,Local Transactional,BOFU,/india/delhi-ncr/,P2,supporting,88,,,no exact Semrush match,regional online-access guide,Review page-level GSC demand before a focused update,Live online outside Lucknow; no Delhi classroom claim
527,finance operations course in Noida,Local / Regional,Local Transactional,BOFU,/india/delhi-ncr/,P2,supporting,88,,,no exact Semrush match,regional online-access guide,Review page-level GSC demand before a focused update,Live online outside Lucknow; no Delhi classroom claim
528,KYC AML course in Noida,Local / Regional,Local Transactional,BOFU,/india/delhi-ncr/,P2,supporting,88,,,no exact Semrush match,regional online-access guide,Review page-level GSC demand before a focused update,Live online outside Lucknow; no Delhi classroom claim
529,finance course with placement assistance in Noida,Local / Regional,Local Transactional,BOFU,/india/delhi-ncr/,P2,supporting,88,,,no exact Semrush match,regional online-access guide,Review page-level GSC demand before a focused update,Live online outside Lucknow; no Delhi classroom claim
530,best investment banking course in Noida,Local / Regional,Local Transactional,BOFU,/india/delhi-ncr/,P2,supporting,88,,,no exact Semrush match,regional online-access guide,Review page-level GSC demand before a focused update,Live online outside Lucknow; no Delhi classroom claim
531,investment banking course in Gurgaon,Local / Regional,Local Transactional,BOFU,/india/delhi-ncr/,P2,supporting,88,,,no exact Semrush match,regional online-access guide,Review page-level GSC demand before a focused update,Live online outside Lucknow; no Delhi classroom claim
532,investment banking operations course in Gurgaon,Local / Regional,Local Transactional,BOFU,/india/delhi-ncr/,P2,supporting,88,,,no exact Semrush match,regional online-access guide,Review page-level GSC demand before a focused update,Live online outside Lucknow; no Delhi classroom claim
533,investment banking classes in Gurgaon,Local / Regional,Local Transactional,BOFU,/india/delhi-ncr/,P2,supporting,88,,,no exact Semrush match,regional online-access guide,Review page-level GSC demand before a focused update,Live online outside Lucknow; no Delhi classroom claim
534,investment banking institute in Gurgaon,Local / Regional,Local Transactional,BOFU,/india/delhi-ncr/,P2,supporting,88,,,no exact Semrush match,regional online-access guide,Review page-level GSC demand before a focused update,Live online outside Lucknow; no Delhi classroom claim
535,finance operations course in Gurgaon,Local / Regional,Local Transactional,BOFU,/india/delhi-ncr/,P2,supporting,88,,,no exact Semrush match,regional online-access guide,Review page-level GSC demand before a focused update,Live online outside Lucknow; no Delhi classroom claim
536,KYC AML course in Gurgaon,Local / Regional,Local Transactional,BOFU,/india/delhi-ncr/,P2,supporting,88,,,no exact Semrush match,regional online-access guide,Review page-level GSC demand before a focused update,Live online outside Lucknow; no Delhi classroom claim
537,finance course with placement assistance in Gurgaon,Local / Regional,Local Transactional,BOFU,/india/delhi-ncr/,P2,supporting,88,,,no exact Semrush match,regional online-access guide,Review page-level GSC demand before a focused update,Live online outside Lucknow; no Delhi classroom claim
538,best investment banking course in Gurgaon,Local / Regional,Local Transactional,BOFU,/india/delhi-ncr/,P2,supporting,88,,,no exact Semrush match,regional online-access guide,Review page-level GSC demand before a focused update,Live online outside Lucknow; no Delhi classroom claim
539,investment banking course in Mumbai,Local / Regional,Local Transactional,BOFU,/india/mumbai/,P2,primary,88,,,no exact Semrush match,regional online-access guide,Review page-level GSC demand before a focused update,Live online outside Lucknow; no Mumbai classroom claim
540,investment banking operations course in Mumbai,Local / Regional,Local Transactional,BOFU,/india/mumbai/,P2,supporting,88,,,no exact Semrush match,regional online-access guide,Review page-level GSC demand before a focused update,Live online outside Lucknow; no Mumbai classroom claim
541,investment banking classes in Mumbai,Local / Regional,Local Transactional,BOFU,/india/mumbai/,P2,supporting,88,,,no exact Semrush match,regional online-access guide,Review page-level GSC demand before a focused update,Live online outside Lucknow; no Mumbai classroom claim
542,investment banking institute in Mumbai,Local / Regional,Local Transactional,BOFU,/india/mumbai/,P2,supporting,88,,,no exact Semrush match,regional online-access guide,Review page-level GSC demand before a focused update,Live online outside Lucknow; no Mumbai classroom claim
543,finance operations course in Mumbai,Local / Regional,Local Transactional,BOFU,/india/mumbai/,P2,supporting,88,,,no exact Semrush match,regional online-access guide,Review page-level GSC demand before a focused update,Live online outside Lucknow; no Mumbai classroom claim
544,KYC AML course in Mumbai,Local / Regional,Local Transactional,BOFU,/india/mumbai/,P2,supporting,88,,,no exact Semrush match,regional online-access guide,Review page-level GSC demand before a focused update,Live online outside Lucknow; no Mumbai classroom claim
545,finance course with placement assistance in Mumbai,Local / Regional,Local Transactional,BOFU,/india/mumbai/,P2,supporting,88,,,no exact Semrush match,regional online-access guide,Review page-level GSC demand before a focused update,Live online outside Lucknow; no Mumbai classroom claim
546,best investment banking course in Mumbai,Local / Regional,Local Transactional,BOFU,/india/mumbai/,P2,supporting,88,,,no exact Semrush match,regional online-access guide,Review page-level GSC demand before a focused update,Live online outside Lucknow; no Mumbai classroom claim
547,investment banking course in Pune,Local / Regional,Local Transactional,BOFU,/india/pune/,P2,primary,88,,,no exact Semrush match,regional online-access guide,Review page-level GSC demand before a focused update,Live online outside Lucknow; no Pune classroom claim
548,investment banking operations course in Pune,Local / Regional,Local Transactional,BOFU,/india/pune/,P2,supporting,88,,,no exact Semrush match,regional online-access guide,Review page-level GSC demand before a focused update,Live online outside Lucknow; no Pune classroom claim
549,investment banking classes in Pune,Local / Regional,Local Transactional,BOFU,/india/pune/,P2,supporting,88,,,no exact Semrush match,regional online-access guide,Review page-level GSC demand before a focused update,Live online outside Lucknow; no Pune classroom claim
550,investment banking institute in Pune,Local / Regional,Local Transactional,BOFU,/india/pune/,P2,supporting,88,,,no exact Semrush match,regional online-access guide,Review page-level GSC demand before a focused update,Live online outside Lucknow; no Pune classroom claim
551,finance operations course in Pune,Local / Regional,Local Transactional,BOFU,/india/pune/,P2,supporting,88,,,no exact Semrush match,regional online-access guide,Review page-level GSC demand before a focused update,Live online outside Lucknow; no Pune classroom claim
552,KYC AML course in Pune,Local / Regional,Local Transactional,BOFU,/india/pune/,P2,supporting,88,,,no exact Semrush match,regional online-access guide,Review page-level GSC demand before a focused update,Live online outside Lucknow; no Pune classroom claim
553,finance course with placement assistance in Pune,Local / Regional,Local Transactional,BOFU,/india/pune/,P2,supporting,88,,,no exact Semrush match,regional online-access guide,Review page-level GSC demand before a focused update,Live online outside Lucknow; no Pune classroom claim
554,best investment banking course in Pune,Local / Regional,Local Transactional,BOFU,/india/pune/,P2,supporting,88,,,no exact Semrush match,regional online-access guide,Review page-level GSC demand before a focused update,Live online outside Lucknow; no Pune classroom claim
555,investment banking course in Bangalore,Local / Regional,Local Transactional,BOFU,/india/bengaluru/,P2,primary,88,,,no exact Semrush match,regional online-access guide,Review page-level GSC demand before a focused update,Live online outside Lucknow; no Bengaluru classroom claim
556,investment banking operations course in Bangalore,Local / Regional,Local Transactional,BOFU,/india/bengaluru/,P2,supporting,88,,,no exact Semrush match,regional online-access guide,Review page-level GSC demand before a focused update,Live online outside Lucknow; no Bengaluru classroom claim
557,investment banking classes in Bangalore,Local / Regional,Local Transactional,BOFU,/india/bengaluru/,P2,supporting,88,,,no exact Semrush match,regional online-access guide,Review page-level GSC demand before a focused update,Live online outside Lucknow; no Bengaluru classroom claim
558,investment banking institute in Bangalore,Local / Regional,Local Transactional,BOFU,/india/bengaluru/,P2,supporting,88,,,no exact Semrush match,regional online-access guide,Review page-level GSC demand before a focused update,Live online outside Lucknow; no Bengaluru classroom claim
559,finance operations course in Bangalore,Local / Regional,Local Transactional,BOFU,/india/bengaluru/,P2,supporting,88,,,no exact Semrush match,regional online-access guide,Review page-level GSC demand before a focused update,Live online outside Lucknow; no Bengaluru classroom claim
560,KYC AML course in Bangalore,Local / Regional,Local Transactional,BOFU,/india/bengaluru/,P2,supporting,88,,,no exact Semrush match,regional online-access guide,Review page-level GSC demand before a focused update,Live online outside Lucknow; no Bengaluru classroom claim
561,finance course with placement assistance in Bangalore,Local / Regional,Local Transactional,BOFU,/india/bengaluru/,P2,supporting,88,,,no exact Semrush match,regional online-access guide,Review page-level GSC demand before a focused update,Live online outside Lucknow; no Bengaluru classroom claim
562,best investment banking course in Bangalore,Local / Regional,Local Transactional,BOFU,/india/bengaluru/,P2,supporting,88,,,no exact Semrush match,regional online-access guide,Review page-level GSC demand before a focused update,Live online outside Lucknow; no Bengaluru classroom claim
563,investment banking course in Bengaluru,Local / Regional,Local Transactional,BOFU,/india/bengaluru/,P2,supporting,88,,,no exact Semrush match,regional online-access guide,Review page-level GSC demand before a focused update,Live online outside Lucknow; no Bengaluru classroom claim
564,investment banking operations course in Bengaluru,Local / Regional,Local Transactional,BOFU,/india/bengaluru/,P2,supporting,88,,,no exact Semrush match,regional online-access guide,Review page-level GSC demand before a focused update,Live online outside Lucknow; no Bengaluru classroom claim
565,investment banking classes in Bengaluru,Local / Regional,Local Transactional,BOFU,/india/bengaluru/,P2,supporting,88,,,no exact Semrush match,regional online-access guide,Review page-level GSC demand before a focused update,Live online outside Lucknow; no Bengaluru classroom claim
566,investment banking institute in Bengaluru,Local / Regional,Local Transactional,BOFU,/india/bengaluru/,P2,supporting,88,,,no exact Semrush match,regional online-access guide,Review page-level GSC demand before a focused update,Live online outside Lucknow; no Bengaluru classroom claim
567,finance operations course in Bengaluru,Local / Regional,Local Transactional,BOFU,/india/bengaluru/,P2,supporting,88,,,no exact Semrush match,regional online-access guide,Review page-level GSC demand before a focused update,Live online outside Lucknow; no Bengaluru classroom claim
568,KYC AML course in Bengaluru,Local / Regional,Local Transactional,BOFU,/india/bengaluru/,P2,supporting,88,,,no exact Semrush match,regional online-access guide,Review page-level GSC demand before a focused update,Live online outside Lucknow; no Bengaluru classroom claim
569,finance course with placement assistance in Bengaluru,Local / Regional,Local Transactional,BOFU,/india/bengaluru/,P2,supporting,88,,,no exact Semrush match,regional online-access guide,Review page-level GSC demand before a focused update,Live online outside Lucknow; no Bengaluru classroom claim
570,best investment banking course in Bengaluru,Local / Regional,Local Transactional,BOFU,/india/bengaluru/,P2,supporting,88,,,no exact Semrush match,regional online-access guide,Review page-level GSC demand before a focused update,Live online outside Lucknow; no Bengaluru classroom claim
571,investment banking course in Hyderabad,Local / Regional,Local Transactional,BOFU,/india/hyderabad/,P2,primary,88,,,no exact Semrush match,regional online-access guide,Review page-level GSC demand before a focused update,Live online outside Lucknow; no Hyderabad classroom claim
572,investment banking operations course in Hyderabad,Local / Regional,Local Transactional,BOFU,/india/hyderabad/,P2,supporting,88,,,no exact Semrush match,regional online-access guide,Review page-level GSC demand before a focused update,Live online outside Lucknow; no Hyderabad classroom claim
573,investment banking classes in Hyderabad,Local / Regional,Local Transactional,BOFU,/india/hyderabad/,P2,supporting,88,,,no exact Semrush match,regional online-access guide,Review page-level GSC demand before a focused update,Live online outside Lucknow; no Hyderabad classroom claim
574,investment banking institute in Hyderabad,Local / Regional,Local Transactional,BOFU,/india/hyderabad/,P2,supporting,88,,,no exact Semrush match,regional online-access guide,Review page-level GSC demand before a focused update,Live online outside Lucknow; no Hyderabad classroom claim
575,finance operations course in Hyderabad,Local / Regional,Local Transactional,BOFU,/india/hyderabad/,P2,supporting,88,,,no exact Semrush match,regional online-access guide,Review page-level GSC demand before a focused update,Live online outside Lucknow; no Hyderabad classroom claim
576,KYC AML course in Hyderabad,Local / Regional,Local Transactional,BOFU,/india/hyderabad/,P2,supporting,88,,,no exact Semrush match,regional online-access guide,Review page-level GSC demand before a focused update,Live online outside Lucknow; no Hyderabad classroom claim
577,finance course with placement assistance in Hyderabad,Local / Regional,Local Transactional,BOFU,/india/hyderabad/,P2,supporting,88,,,no exact Semrush match,regional online-access guide,Review page-level GSC demand before a focused update,Live online outside Lucknow; no Hyderabad classroom claim
578,best investment banking course in Hyderabad,Local / Regional,Local Transactional,BOFU,/india/hyderabad/,P2,supporting,88,,,no exact Semrush match,regional online-access guide,Review page-level GSC demand before a focused update,Live online outside Lucknow; no Hyderabad classroom claim
243,retail banking operations meaning,Retail Banking,Informational,TOFU/MOFU,/career-guides/retail-banking-operations/,P2,primary,78,,,no exact Semrush match,retail banking career explainer,Clarify the work and entry route,Keep guide distinct from a course offer
244,retail banking operations process,Retail Banking,Informational,TOFU/MOFU,/career-guides/retail-banking-operations/,P2,supporting,78,,,no exact Semrush match,retail banking career explainer,Clarify the work and entry route,Keep guide distinct from a course offer
245,retail banking operations jobs,Retail Banking,Informational,TOFU/MOFU,/career-guides/retail-banking-operations/,P2,supporting,78,,,no exact Semrush match,retail banking career explainer,Clarify the work and entry route,Keep guide distinct from a course offer
246,retail banking operations career,Retail Banking,Informational,TOFU/MOFU,/career-guides/retail-banking-operations/,P2,supporting,78,,,no exact Semrush match,retail banking career explainer,Clarify the work and entry route,Keep guide distinct from a course offer
247,retail banking analyst,Retail Banking,Informational,TOFU/MOFU,/career-guides/retail-banking-operations/,P2,supporting,78,,,no exact Semrush match,retail banking career explainer,Clarify the work and entry route,Keep guide distinct from a course offer
250,banking operations jobs for graduates,Retail Banking,Informational,TOFU/MOFU,/career-guides/retail-banking-operations/,P2,supporting,78,,,no exact Semrush match,retail banking career explainer,Clarify the work and entry route,Keep guide distinct from a course offer
251,retail banking interview questions,Retail Banking,Informational,TOFU/MOFU,/career-guides/retail-banking-operations/,P2,supporting,78,,,no exact Semrush match,retail banking career explainer,Clarify the work and entry route,Keep guide distinct from a course offer
252,bank operations interview questions,Retail Banking,Informational,TOFU/MOFU,/career-guides/retail-banking-operations/,P2,supporting,78,,,no exact Semrush match,retail banking career explainer,Clarify the work and entry route,Keep guide distinct from a course offer
253,customer onboarding in retail banking,Retail Banking,Informational,TOFU/MOFU,/career-guides/retail-banking-operations/,P2,supporting,78,,,no exact Semrush match,retail banking career explainer,Clarify the work and entry route,Keep guide distinct from a course offer
254,account opening process in banking,Retail Banking,Informational,TOFU/MOFU,/career-guides/retail-banking-operations/,P2,supporting,78,,,no exact Semrush match,retail banking career explainer,Clarify the work and entry route,Keep guide distinct from a course offer
255,bank KYC process,Retail Banking,Informational,TOFU/MOFU,/career-guides/retail-banking-operations/,P2,supporting,78,,,no exact Semrush match,retail banking career explainer,Clarify the work and entry route,Keep guide distinct from a course offer
256,loan operations in retail banking,Retail Banking,Informational,TOFU/MOFU,/career-guides/retail-banking-operations/,P2,supporting,78,,,no exact Semrush match,retail banking career explainer,Clarify the work and entry route,Keep guide distinct from a course offer
257,deposit operations in banking,Retail Banking,Informational,TOFU/MOFU,/career-guides/retail-banking-operations/,P2,supporting,78,,,no exact Semrush match,retail banking career explainer,Clarify the work and entry route,Keep guide distinct from a course offer
258,bank reconciliation process,Retail Banking,Informational,TOFU/MOFU,/career-guides/retail-banking-operations/,P2,supporting,78,,,no exact Semrush match,retail banking career explainer,Clarify the work and entry route,Keep guide distinct from a course offer
259,retail banking vs corporate banking,Retail Banking,Informational,TOFU/MOFU,/career-guides/retail-banking-operations/,P2,supporting,78,480,26,unverified in Semrush export,retail banking career explainer,Clarify the work and entry route,Keep guide distinct from a course offer
260,retail banking vs investment banking,Retail Banking,Informational,TOFU/MOFU,/career-guides/retail-banking-operations/,P2,supporting,78,,,no exact Semrush match,retail banking career explainer,Clarify the work and entry route,Keep guide distinct from a course offer
261,retail banking career after BCom,Retail Banking,Informational,TOFU/MOFU,/career-guides/retail-banking-operations/,P2,supporting,78,,,no exact Semrush match,retail banking career explainer,Clarify the work and entry route,Keep guide distinct from a course offer
262,retail banking career after BBA,Retail Banking,Informational,TOFU/MOFU,/career-guides/retail-banking-operations/,P2,supporting,78,,,no exact Semrush match,retail banking career explainer,Clarify the work and entry route,Keep guide distinct from a course offer
266,digital payment operations,Digital Payments,Informational,TOFU/MOFU,/career-guides/digital-payments-operations/,P2,primary,76,,,no exact Semrush match,payments operations career explainer,Explain payments operations tasks,No standalone payments course claim
268,payments operations career,Digital Payments,Informational,TOFU/MOFU,/career-guides/digital-payments-operations/,P2,supporting,76,,,no exact Semrush match,payments operations career explainer,Explain payments operations tasks,No standalone payments course claim
269,payments analyst career,Digital Payments,Informational,TOFU/MOFU,/career-guides/digital-payments-operations/,P2,supporting,76,,,no exact Semrush match,payments operations career explainer,Explain payments operations tasks,No standalone payments course claim
270,payment operations analyst,Digital Payments,Informational,TOFU/MOFU,/career-guides/digital-payments-operations/,P2,supporting,76,,,no exact Semrush match,payments operations career explainer,Explain payments operations tasks,No standalone payments course claim
271,payments operations jobs India,Digital Payments,Informational,TOFU/MOFU,/career-guides/digital-payments-operations/,P2,supporting,76,,,no exact Semrush match,payments operations career explainer,Explain payments operations tasks,No standalone payments course claim
272,digital payments jobs for freshers,Digital Payments,Informational,TOFU/MOFU,/career-guides/digital-payments-operations/,P2,supporting,76,,,no exact Semrush match,payments operations career explainer,Explain payments operations tasks,No standalone payments course claim
273,UPI operations,Digital Payments,Informational,TOFU/MOFU,/career-guides/digital-payments-operations/,P2,supporting,76,,,no exact Semrush match,payments operations career explainer,Explain payments operations tasks,No standalone payments course claim
274,UPI payment process,Digital Payments,Informational,TOFU/MOFU,/career-guides/digital-payments-operations/,P2,supporting,76,,,no exact Semrush match,payments operations career explainer,Explain payments operations tasks,No standalone payments course claim
275,NEFT RTGS IMPS difference,Digital Payments,Informational,TOFU/MOFU,/career-guides/digital-payments-operations/,P2,supporting,76,,,no exact Semrush match,payments operations career explainer,Explain payments operations tasks,No standalone payments course claim
276,payment reconciliation,Digital Payments,Informational,TOFU/MOFU,/career-guides/digital-payments-operations/,P2,supporting,76,,,no exact Semrush match,payments operations career explainer,Explain payments operations tasks,No standalone payments course claim
277,payment reconciliation analyst,Digital Payments,Informational,TOFU/MOFU,/career-guides/digital-payments-operations/,P2,supporting,76,,,no exact Semrush match,payments operations career explainer,Explain payments operations tasks,No standalone payments course claim
278,merchant payments operations,Digital Payments,Informational,TOFU/MOFU,/career-guides/digital-payments-operations/,P2,supporting,76,,,no exact Semrush match,payments operations career explainer,Explain payments operations tasks,No standalone payments course claim
279,card payments operations,Digital Payments,Informational,TOFU/MOFU,/career-guides/digital-payments-operations/,P2,supporting,76,,,no exact Semrush match,payments operations career explainer,Explain payments operations tasks,No standalone payments course claim
280,payment gateway operations,Digital Payments,Informational,TOFU/MOFU,/career-guides/digital-payments-operations/,P2,supporting,76,,,no exact Semrush match,payments operations career explainer,Explain payments operations tasks,No standalone payments course claim
281,chargeback operations,Digital Payments,Informational,TOFU/MOFU,/career-guides/digital-payments-operations/,P2,supporting,76,,,no exact Semrush match,payments operations career explainer,Explain payments operations tasks,No standalone payments course claim
282,payment fraud operations,Digital Payments,Informational,TOFU/MOFU,/career-guides/digital-payments-operations/,P2,supporting,76,,,no exact Semrush match,payments operations career explainer,Explain payments operations tasks,No standalone payments course claim
283,digital payments risk management,Digital Payments,Informational,TOFU/MOFU,/career-guides/digital-payments-operations/,P2,supporting,76,,,no exact Semrush match,payments operations career explainer,Explain payments operations tasks,No standalone payments course claim
284,fintech payments career,Digital Payments,Informational,TOFU/MOFU,/career-guides/digital-payments-operations/,P2,supporting,76,,,no exact Semrush match,payments operations career explainer,Explain payments operations tasks,No standalone payments course claim
285,payments operations interview questions,Digital Payments,Informational,TOFU/MOFU,/career-guides/digital-payments-operations/,P2,supporting,76,,,no exact Semrush match,payments operations career explainer,Explain payments operations tasks,No standalone payments course claim
286,payment operations salary India,Digital Payments,Informational,TOFU/MOFU,/career-guides/digital-payments-operations/,P2,supporting,76,,,no exact Semrush match,payments operations career explainer,Explain payments operations tasks,No standalone payments course claim
287,digital payments career after BCom,Digital Payments,Informational,TOFU/MOFU,/career-guides/digital-payments-operations/,P2,supporting,76,,,no exact Semrush match,payments operations career explainer,Explain payments operations tasks,No standalone payments course claim
292,fintech career for BCom graduates,FinTech,Informational,TOFU/MOFU,/career-guides/fintech-operations/,P2,primary,72,,,no exact Semrush match,fintech operations career explainer,Explain operations roles and transferable skills,No standalone fintech course claim
293,fintech jobs for commerce graduates,FinTech,Informational,TOFU/MOFU,/career-guides/fintech-operations/,P2,supporting,72,,,no exact Semrush match,fintech operations career explainer,Explain operations roles and transferable skills,No standalone fintech course claim
294,fintech operations jobs,FinTech,Informational,TOFU/MOFU,/career-guides/fintech-operations/,P2,supporting,72,,,no exact Semrush match,fintech operations career explainer,Explain operations roles and transferable skills,No standalone fintech course claim
295,fintech analyst career,FinTech,Informational,TOFU/MOFU,/career-guides/fintech-operations/,P2,supporting,72,,,no exact Semrush match,fintech operations career explainer,Explain operations roles and transferable skills,No standalone fintech course claim
296,fintech operations analyst,FinTech,Informational,TOFU/MOFU,/career-guides/fintech-operations/,P2,supporting,72,,,no exact Semrush match,fintech operations career explainer,Explain operations roles and transferable skills,No standalone fintech course claim
297,what is fintech operations,FinTech,Informational,TOFU/MOFU,/career-guides/fintech-operations/,P2,supporting,72,,,no exact Semrush match,fintech operations career explainer,Explain operations roles and transferable skills,No standalone fintech course claim
298,fintech banking operations,FinTech,Informational,TOFU/MOFU,/career-guides/fintech-operations/,P2,supporting,72,,,no exact Semrush match,fintech operations career explainer,Explain operations roles and transferable skills,No standalone fintech course claim
299,fintech and digital payments,FinTech,Informational,TOFU/MOFU,/career-guides/fintech-operations/,P2,supporting,72,,,no exact Semrush match,fintech operations career explainer,Explain operations roles and transferable skills,No standalone fintech course claim
300,neo banking meaning,FinTech,Informational,TOFU/MOFU,/career-guides/fintech-operations/,P2,supporting,72,,,no exact Semrush match,fintech operations career explainer,Explain operations roles and transferable skills,No standalone fintech course claim
301,neo banking operations,FinTech,Informational,TOFU/MOFU,/career-guides/fintech-operations/,P2,supporting,72,,,no exact Semrush match,fintech operations career explainer,Explain operations roles and transferable skills,No standalone fintech course claim
302,fintech compliance jobs,FinTech,Informational,TOFU/MOFU,/career-guides/fintech-operations/,P2,supporting,72,,,no exact Semrush match,fintech operations career explainer,Explain operations roles and transferable skills,No standalone fintech course claim
303,fintech KYC AML jobs,FinTech,Informational,TOFU/MOFU,/career-guides/fintech-operations/,P2,supporting,72,,,no exact Semrush match,fintech operations career explainer,Explain operations roles and transferable skills,No standalone fintech course claim
304,fintech operations interview questions,FinTech,Informational,TOFU/MOFU,/career-guides/fintech-operations/,P2,supporting,72,,,no exact Semrush match,fintech operations career explainer,Explain operations roles and transferable skills,No standalone fintech course claim
305,fintech career after BBA,FinTech,Informational,TOFU/MOFU,/career-guides/fintech-operations/,P2,supporting,72,,,no exact Semrush match,fintech operations career explainer,Explain operations roles and transferable skills,No standalone fintech course claim
306,fintech career after MBA finance,FinTech,Informational,TOFU/MOFU,/career-guides/fintech-operations/,P2,supporting,72,,,no exact Semrush match,fintech operations career explainer,Explain operations roles and transferable skills,No standalone fintech course claim
307,fintech jobs in India for freshers,FinTech,Informational,TOFU/MOFU,/career-guides/fintech-operations/,P2,supporting,72,,,no exact Semrush match,fintech operations career explainer,Explain operations roles and transferable skills,No standalone fintech course claim
102,KYC AML course,KYC & AML,Transactional,BOFU,/courses/kyc-aml/,P3,primary,94,,,no exact Semrush match,KYC and AML module guide,Audit wording for a module within the Masterclass,Do not sell a standalone KYC AML course
103,KYC AML certification course,KYC & AML,Transactional,BOFU,/courses/kyc-aml/,P3,supporting,94,,,no exact Semrush match,KYC and AML module guide,Audit wording for a module within the Masterclass,Do not sell a standalone KYC AML course
104,KYC AML training,KYC & AML,Transactional,BOFU,/courses/kyc-aml/,P3,supporting,94,,,no exact Semrush match,KYC and AML module guide,Audit wording for a module within the Masterclass,Do not sell a standalone KYC AML course
105,KYC AML course in India,KYC & AML,Transactional,BOFU,/courses/kyc-aml/,P3,supporting,94,,,no exact Semrush match,KYC and AML module guide,Audit wording for a module within the Masterclass,Do not sell a standalone KYC AML course
106,KYC AML course online,KYC & AML,Transactional,BOFU,/courses/kyc-aml/,P3,supporting,94,,,no exact Semrush match,KYC and AML module guide,Audit wording for a module within the Masterclass,Do not sell a standalone KYC AML course
107,KYC AML course with placement assistance,KYC & AML,Transactional,BOFU,/courses/kyc-aml/,P3,supporting,94,,,no exact Semrush match,KYC and AML module guide,Audit wording for a module within the Masterclass,Do not sell a standalone KYC AML course
108,AML KYC analyst course,KYC & AML,Transactional,BOFU,/courses/kyc-aml/,P3,supporting,94,,,no exact Semrush match,KYC and AML module guide,Audit wording for a module within the Masterclass,Do not sell a standalone KYC AML course
109,KYC analyst course,KYC & AML,Transactional,BOFU,/courses/kyc-aml/,P3,supporting,94,,,no exact Semrush match,KYC and AML module guide,Audit wording for a module within the Masterclass,Do not sell a standalone KYC AML course
110,AML analyst course,KYC & AML,Transactional,BOFU,/courses/kyc-aml/,P3,supporting,94,,,no exact Semrush match,KYC and AML module guide,Audit wording for a module within the Masterclass,Do not sell a standalone KYC AML course
111,compliance analyst course,KYC & AML,Transactional,BOFU,/courses/kyc-aml/,P3,supporting,94,,,no exact Semrush match,KYC and AML module guide,Audit wording for a module within the Masterclass,Do not sell a standalone KYC AML course
112,CDD analyst course,KYC & AML,Transactional,BOFU,/courses/kyc-aml/,P3,supporting,94,,,no exact Semrush match,KYC and AML module guide,Audit wording for a module within the Masterclass,Do not sell a standalone KYC AML course
113,EDD analyst course,KYC & AML,Transactional,BOFU,/courses/kyc-aml/,P3,supporting,94,,,no exact Semrush match,KYC and AML module guide,Audit wording for a module within the Masterclass,Do not sell a standalone KYC AML course
114,transaction monitoring course,KYC & AML,Transactional,BOFU,/courses/kyc-aml/,P3,supporting,94,,,no exact Semrush match,KYC and AML module guide,Audit wording for a module within the Masterclass,Do not sell a standalone KYC AML course
115,financial crime compliance course,KYC & AML,Transactional,BOFU,/courses/kyc-aml/,P3,supporting,94,,,no exact Semrush match,KYC and AML module guide,Audit wording for a module within the Masterclass,Do not sell a standalone KYC AML course
116,anti money laundering course India,KYC & AML,Transactional,BOFU,/courses/kyc-aml/,P3,supporting,94,,,no exact Semrush match,KYC and AML module guide,Audit wording for a module within the Masterclass,Do not sell a standalone KYC AML course
117,know your customer training,KYC & AML,Transactional,BOFU,/courses/kyc-aml/,P3,supporting,94,,,no exact Semrush match,KYC and AML module guide,Audit wording for a module within the Masterclass,Do not sell a standalone KYC AML course
118,KYC compliance training,KYC & AML,Transactional,BOFU,/courses/kyc-aml/,P3,supporting,94,,,no exact Semrush match,KYC and AML module guide,Audit wording for a module within the Masterclass,Do not sell a standalone KYC AML course
119,AML compliance training,KYC & AML,Transactional,BOFU,/courses/kyc-aml/,P3,supporting,94,,,no exact Semrush match,KYC and AML module guide,Audit wording for a module within the Masterclass,Do not sell a standalone KYC AML course
239,retail banking operations course,Retail Banking,Transactional,BOFU,/courses/retail-banking/,P3,primary,78,,,no exact Semrush match,retail banking module guide,Audit wording for a module within the Masterclass,Do not sell a standalone retail banking course
240,retail banking course,Retail Banking,Transactional,BOFU,/courses/retail-banking/,P3,supporting,78,,,no exact Semrush match,retail banking module guide,Audit wording for a module within the Masterclass,Do not sell a standalone retail banking course
241,retail banking operations training,Retail Banking,Transactional,BOFU,/courses/retail-banking/,P3,supporting,78,,,no exact Semrush match,retail banking module guide,Audit wording for a module within the Masterclass,Do not sell a standalone retail banking course
242,retail banking certification,Retail Banking,Transactional,BOFU,/courses/retail-banking/,P3,supporting,78,,,no exact Semrush match,retail banking module guide,Audit wording for a module within the Masterclass,Do not sell a standalone retail banking course
248,bank branch operations course,Retail Banking,Transactional,BOFU,/courses/retail-banking/,P3,supporting,78,,,no exact Semrush match,retail banking module guide,Audit wording for a module within the Masterclass,Do not sell a standalone retail banking course
249,banking operations training for freshers,Retail Banking,Transactional,BOFU,/courses/retail-banking/,P3,supporting,78,,,no exact Semrush match,retail banking module guide,Audit wording for a module within the Masterclass,Do not sell a standalone retail banking course
263,digital payments course,Digital Payments,Transactional,BOFU,/courses/digital-payments/,P3,primary,76,,,no exact Semrush match,digital payments module guide,Audit wording for a module within the Masterclass,Do not sell a standalone digital payments course
264,digital payments training,Digital Payments,Transactional,BOFU,/courses/digital-payments/,P3,supporting,76,,,no exact Semrush match,digital payments module guide,Audit wording for a module within the Masterclass,Do not sell a standalone digital payments course
265,digital payments certification,Digital Payments,Transactional,BOFU,/courses/digital-payments/,P3,supporting,76,,,no exact Semrush match,digital payments module guide,Audit wording for a module within the Masterclass,Do not sell a standalone digital payments course
267,digital payments operations course,Digital Payments,Transactional,BOFU,/courses/digital-payments/,P3,supporting,76,,,no exact Semrush match,digital payments module guide,Audit wording for a module within the Masterclass,Do not sell a standalone digital payments course
288,fintech course for graduates,FinTech,Transactional,BOFU,/courses/fintech/,P3,primary,72,,,no exact Semrush match,fintech module guide,Audit wording for a module within the Masterclass,Do not sell a standalone fintech course
289,fintech operations course,FinTech,Transactional,BOFU,/courses/fintech/,P3,supporting,72,,,no exact Semrush match,fintech module guide,Audit wording for a module within the Masterclass,Do not sell a standalone fintech course
290,fintech training for freshers,FinTech,Transactional,BOFU,/courses/fintech/,P3,supporting,72,,,no exact Semrush match,fintech module guide,Audit wording for a module within the Masterclass,Do not sell a standalone fintech course
291,fintech certification India,FinTech,Transactional,BOFU,/courses/fintech/,P3,supporting,72,,,no exact Semrush match,fintech module guide,Audit wording for a module within the Masterclass,Do not sell a standalone fintech course
